#{"t_start": 1692020210.576814, "env_id": null}
r,l,t
-120,24,5.964136
-280,32,6.110379
-180,27,6.242923
-180,27,6.342569
-280,32,6.513348
-460,41,6.669271
-60,21,6.750313
-220,29,6.835381
-420,39,6.979106
-340,35,7.114386
-180,27,7.256922
-800,58,7.477794
-460,41,7.653388
-140,25,7.785952
-180,27,7.90786
-640,50,8.125064
-240,30,8.242907
60,15,8.329887
-60,21,8.402554
-320,34,8.568216
-540,45,8.751303
-100,23,8.862559
-460,41,9.046307
-900,63,9.290507
-600,48,9.459492
-1170,60,9.711232
-440,40,9.864024
-360,36,10.019629
-700,53,10.270893
-320,34,10.38519
-540,45,10.560264
-140,25,10.716948
-80,22,10.804853
20,17,10.873667
20,17,10.946503
40,16,11.043559
-20,19,11.140485
-340,35,11.246567
-800,58,11.484211
-300,33,11.67268
-600,48,11.888389
-120,24,11.970686
-200,28,12.08531
-40,20,12.184098
-260,31,12.301317
60,15,12.377551
-180,27,12.522994
-520,44,12.735794
-80,22,12.798836
60,15,12.863594
-340,35,13.031229
-100,23,13.145961
-400,38,13.336067
-80,22,13.416556
0,18,13.513546
-120,24,13.629529
-520,44,13.807884
-20,19,13.907247
-240,30,14.037114
-160,26,14.137227
-80,22,14.255118
-100,23,14.338723
-120,24,14.43058
-80,22,14.517636
20,17,14.575029
-220,29,30.904773
-120,24,30.98697
0,18,31.057334
-200,28,31.16341
-120,24,31.242534
-340,35,31.337193
-100,23,31.44243
-640,50,31.601297
-140,25,31.714641
-60,21,31.818247
-40,20,31.942421
-140,25,32.015207
-20,19,32.122013
-100,23,32.228835
-240,30,32.354098
-1080,72,32.636126
100,13,32.69065
100,13,32.773058
-260,31,32.878524
-700,53,33.063398
-160,26,33.174312
60,15,33.237033
-180,27,33.360405
-120,24,33.450088
-60,21,33.539219
-160,26,33.73009
80,14,33.784594
-320,34,33.967407
-180,27,34.061884
-60,21,34.170995
-380,37,34.310762
-380,37,34.485641
-760,56,34.781424
-140,25,34.87258
-1150,74,35.185102
-140,25,35.341388
-200,28,35.485343
-160,26,35.601537
-280,32,35.709427
-180,27,35.80992
-320,34,35.940534
-200,28,36.072852
0,18,36.156251
-300,33,36.283073
-100,23,36.37231
-300,33,36.494416
0,18,36.559858
-200,28,36.66141
-200,28,36.737409
-220,29,36.832584
-120,24,36.919767
-40,20,37.006494
-260,31,37.098951
-1010,52,37.271045
20,17,37.363457
-240,30,37.474143
-360,36,37.582176
-320,34,37.728138
-100,23,37.837711
-320,34,37.98504
-200,28,38.116917
20,17,38.192594
-220,29,38.29429
-1010,52,38.495775
-540,45,38.690951
-380,37,38.808306
-80,22,38.893926
-420,39,39.050109
-340,35,39.210846
-20,19,55.231726
20,17,55.311492
-140,25,55.405448
20,17,55.498131
-340,35,55.627581
-80,22,55.726658
-20,19,55.820084
-780,57,56.04181
-340,35,56.195999
80,14,56.264688
-280,32,56.374387
-920,64,56.596658
-160,26,56.739774
-120,24,56.856762
-360,36,56.996505
0,18,57.089144
20,17,57.172676
-260,31,57.337394
-220,29,57.480824
-220,29,57.591808
-1030,53,57.788927
-420,39,58.000598
-180,27,58.110412
-420,39,58.270799
-360,36,58.364898
-1020,51,58.58007
-220,29,58.701766
80,14,58.769011
100,13,58.80932
-140,25,58.87672
-120,24,58.993718
-40,20,59.114859
-420,39,59.294419
-520,44,59.482715
40,16,59.544152
-220,29,59.635433
-60,21,59.716384
0,18,59.804886
-660,51,60.010957
-340,35,60.142905
0,18,60.217588
-160,26,60.302014
0,18,60.391255
-80,22,60.460987
-540,45,60.64265
-60,21,60.734398
-900,63,60.947248
-20,19,61.043729
-160,26,61.166971
-40,20,61.23949
-940,65,61.490084
-40,20,61.561076
-540,45,61.754241
100,13,61.818711
-660,51,62.010851
-340,35,62.143858
-80,22,62.211142
-60,21,62.297799
-20,19,62.403074
-260,31,62.53521
-160,26,62.602159
-300,33,62.686553
-80,22,62.759613
-200,28,62.866711
-360,36,63.050321
20,17,63.098719
60,15,63.193187
-20,19,63.252444
-580,47,63.453499
-820,59,80.326969
-440,40,80.514662
20,17,80.608409
-40,20,80.702624
-980,67,81.028868
-220,29,81.159096
-180,27,81.289535
-20,19,81.377293
-100,23,81.48468
-100,23,81.56863
-420,39,81.760565
-80,22,81.871755
-20,19,81.946703
20,17,82.057465
-1010,52,82.247563
-140,25,82.380734
60,15,82.430587
-160,26,82.579863
-340,35,82.745548
-440,40,82.895044
-520,44,83.110231
-140,25,83.215246
-780,57,83.499002
-180,27,83.626543
-260,31,83.778098
-180,27,83.897276
100,13,83.945449
-1000,68,84.200486
-140,25,84.339727
-460,41,84.497722
-340,35,84.638926
0,18,84.71367
-80,22,84.823306
-40,20,84.894323
-300,33,85.021033
-860,61,85.244708
-180,27,85.387919
-380,37,85.555062
-180,27,85.694424
40,16,85.768101
-420,39,85.934241
-60,21,86.034976
-20,19,86.119792
-100,23,86.243688
-220,29,86.345579
-60,21,86.434239
-400,38,86.616419
-120,24,86.736293
-180,27,86.855714
-260,31,86.970086
-640,50,87.202803
-360,36,87.336479
-80,22,87.437164
60,15,87.481352
-640,50,87.682954
-40,20,87.754392
-140,25,87.875192
40,16,87.93101
-340,35,88.057929
80,14,88.102728
-80,22,88.218538
-100,23,88.28776
-620,49,88.486632
-200,28,88.566524
-580,47,88.766601
-460,41,88.974063
0,18,89.079929
-240,30,106.085971
-320,34,106.259098
-260,31,106.350762
40,16,106.416394
-420,39,106.602097
-180,27,106.72201
-260,31,106.874282
-120,24,106.974178
-260,31,107.128301
80,14,107.185347
-340,35,107.31802
-220,29,107.424837
-300,33,107.595039
-180,27,107.708573
-60,21,107.841823
-340,35,107.974308
-260,31,108.117258
-620,49,108.356439
0,18,108.43833
-400,38,108.590631
-140,25,108.715353
-180,27,108.821354
-580,47,108.984288
40,16,109.082037
-140,25,109.152762
20,17,109.252584
-100,23,109.381165
-20,19,109.442733
60,15,109.529976
-380,37,109.688999
0,18,109.804435
-520,44,109.968169
-100,23,110.052371
0,18,110.124893
-280,32,110.30705
-360,36,110.455459
-240,30,110.601911
-1140,75,110.939661
20,17,111.010282
0,18,111.090989
-420,39,111.263258
-600,48,111.435319
-1030,53,111.686879
-780,57,111.923689
-40,20,111.997356
-280,32,112.138832
-20,19,112.227889
-380,37,112.437093
-1010,52,112.64078
-440,40,112.79125
-100,23,112.955491
-640,50,113.133844
-280,32,113.260581
-380,37,113.415331
-60,21,113.513436
-60,21,113.591455
-340,35,113.744604
40,16,113.818673
40,16,113.865943
-20,19,113.984609
-180,27,114.098219
-560,46,114.313399
-140,25,114.394261
-80,22,114.487507
-120,24,114.608558
-480,42,114.774478
-280,32,114.909482
-340,35,115.066379
-220,29,131.558103
-560,46,131.760608
-160,26,131.865354
-1050,54,132.054878
-680,52,132.28162
0,18,132.357835
-240,30,132.494454
-220,29,132.583896
-1020,51,132.835429
0,18,132.927503
-700,53,133.169596
-300,33,133.35677
-1240,80,133.639186
-1240,80,134.023061
40,16,134.11843
-40,20,134.201538
-80,22,134.303774
60,15,134.389245
-400,38,134.516645
-40,20,134.607435
-100,23,134.696446
-160,26,134.825611
-240,30,134.949972
20,17,135.009421
-300,33,135.157052
-100,23,135.260837
-840,60,135.523393
-300,33,135.678775
-280,32,135.818476
-60,21,135.892692
-60,21,135.977043
-160,26,136.080766
-1090,56,136.347125
100,13,136.389282
-480,42,136.623059
-80,22,136.717895
-1120,74,137.028396
-260,31,137.180989
-20,19,137.280442
-120,24,137.382488
-120,24,137.453974
-740,55,137.662394
-920,64,137.943295
-500,43,138.12185
20,17,138.192724
-440,40,138.36482
-280,32,138.497128
-180,27,138.624595
-420,39,138.789105
-680,52,139.023122
-360,36,139.190656
-100,23,139.328593
-60,21,139.41694
80,14,139.475421
-360,36,139.602381
-240,30,139.747326
-60,21,139.875344
-160,26,139.978581
100,13,140.051396
-440,40,140.212542
-480,42,156.780911
-200,28,156.893558
-200,28,157.024163
40,16,157.122161
0,18,157.192029
-60,21,157.295193
-60,21,157.406237
-300,33,157.519276
20,17,157.618803
-140,25,157.713878
-380,37,157.866347
-120,24,157.950948
-240,30,158.084792
40,16,158.166013
-60,21,158.253911
-1130,58,158.434771
-180,27,158.579107
-200,28,158.702992
-360,36,158.850642
-220,29,158.960148
-20,19,159.035421
40,16,159.087406
-140,25,159.172979
100,13,159.226204
-340,35,159.368027
-640,50,159.568537
-1030,53,159.774008
0,18,159.873802
-320,34,160.02857
-100,23,160.125928
0,18,160.184827
-120,24,160.300951
-320,34,160.425735
-160,26,160.55946
-220,29,160.726811
-460,41,160.859263
-500,43,161.038893
-260,31,161.174631
-240,30,161.314735
20,17,161.417193
-1050,54,161.604875
-240,30,161.739672
-100,23,161.840543
-620,49,162.058972
-420,39,162.189858
-220,29,162.303107
-920,64,162.537802
-1030,53,162.782081
-740,55,163.040669
-580,47,163.271654
40,16,163.32687
-400,38,163.459685
-780,57,163.710829
-400,38,163.905758
-60,21,164.004234
-300,33,164.164186
-140,25,164.26877
-380,37,164.439287
-520,44,164.657864
-1050,69,164.978019
-780,57,165.273552
-540,45,165.469302
-480,42,182.290824
-160,26,182.4551
-60,21,182.534069
-180,27,182.657538
-120,24,182.74495
-1250,79,183.157419
80,14,183.223301
-80,22,183.301465
-100,23,183.399466
-40,20,183.527308
-1130,73,183.840082
40,16,183.915909
0,18,184.01461
-380,37,184.184457
-920,64,184.496904
-660,51,184.68427
40,16,184.776863
-520,44,184.980637
-460,41,185.179147
20,17,185.265851
-660,51,185.477981
0,18,185.543189
-340,35,185.694408
-200,28,185.79132
-540,45,186.00279
-100,23,186.101679
-440,40,186.205237
-120,24,186.327142
-240,30,186.452451
-1020,51,186.67561
0,18,186.759377
-280,32,186.921578
100,13,186.979882
-1210,77,187.293352
-1030,53,187.533376
-160,26,187.654851
-1160,76,187.981726
-340,35,188.134088
0,18,188.194474
-970,65,188.381839
-200,28,188.518059
-160,26,188.664356
-620,49,188.825968
-400,38,188.970154
-180,27,189.107376
-40,20,189.212871
-440,40,189.39432
0,18,189.479249
-100,23,189.584391
-40,20,189.674053
-140,25,189.780554
40,16,189.871259
-160,26,190.006555
-180,27,190.122924
-240,30,190.230738
-40,20,190.343545
-200,28,190.456398
-560,46,190.670263
-440,40,190.822934
-500,43,191.054413
-140,25,191.185199
-20,19,191.275853
20,17,208.420714
-420,39,208.65607
-140,25,208.759808
-200,28,208.863836
80,14,208.93968
-280,32,209.053184
-60,21,209.145364
60,15,209.196873
-20,19,209.265087
-280,32,209.412217
-260,31,209.543933
-100,23,209.633923
-240,30,209.76893
-180,27,209.904757
-180,27,210.005554
-120,24,210.109907
-180,27,210.251179
-160,26,210.393106
-20,19,210.492765
-440,40,210.641123
-440,40,210.821634
-520,44,210.977637
-80,22,211.04959
-120,24,211.159475
-1300,83,211.426112
-680,52,211.647687
-180,27,211.789156
-580,47,211.958297
-40,20,212.055436
-100,23,212.170943
-400,38,212.348156
-40,20,212.424536
-60,21,212.524511
-220,29,212.647398
40,16,212.73298
-140,25,212.857748
-40,20,212.933155
-560,46,213.131768
-580,47,213.333089
-120,24,213.433669
-440,40,213.619156
-200,28,213.765668
-420,39,213.888752
-20,19,213.99229
-40,20,214.080194
100,13,214.151961
0,18,214.23028
80,14,214.317518
-60,21,214.437733
-120,24,214.538625
-640,50,214.734334
-320,34,214.935294
-700,53,215.169303
-120,24,215.28259
-40,20,215.36259
-260,31,215.490563
-600,48,215.696575
-460,41,215.867813
-100,23,215.97703
-120,24,216.062362
-160,26,216.172851
-240,30,216.328769
-660,51,216.530061
-340,35,216.657235
-20,19,216.755347
-1010,67,217.054693
-280,32,217.191279
-420,39,233.845165
-120,24,233.979611
40,16,234.07667
-300,33,234.217447
-120,24,234.325484
-1120,74,234.658408
-340,35,234.80429
-340,35,234.985191
-360,36,235.157104
-80,22,235.244691
-100,23,235.334011
-480,42,235.508581
-140,25,235.643309
-460,41,235.791282
-60,21,235.899197
-40,20,235.980852
-840,60,236.234493
-20,19,236.346258
-220,29,236.468425
-80,22,236.553418
-100,23,236.630961
-260,31,236.729553
-40,20,236.785018
-500,43,236.959853
-280,32,237.054041
-260,31,237.198321
-740,55,237.430365
-360,36,237.57558
-1020,51,237.785891
-340,35,237.946485
-320,34,238.105934
-460,41,238.279561
0,18,238.358734
80,14,238.438582
-260,31,238.60632
-20,19,238.681436
-40,20,238.774117
-60,21,238.872107
-20,19,238.963315
0,18,239.031428
-20,19,239.145181
-1070,55,239.402513
-180,27,239.502324
-800,58,239.705396
-80,22,239.835522
-80,22,239.923972
-720,54,240.216488
60,15,240.278569
-40,20,240.410066
0,18,240.487149
-160,26,240.609055
-1860,111,241.102811
-260,31,241.198085
-360,36,241.325609
-120,24,241.450118
-140,25,241.529601
-200,28,241.624882
-660,51,241.861913
-100,23,241.986603
-260,31,242.12123
-520,44,242.298782
-1060,71,242.541257
-140,25,242.644874
-780,57,259.487764
-1200,78,259.828422
-1300,83,260.211179
-220,29,260.34681
-460,41,260.5044
-140,25,260.629715
-540,45,260.814887
-200,28,260.960571
-180,27,261.066387
0,18,261.147032
-600,48,261.34361
0,18,261.434554
60,15,261.491427
-440,40,261.697999
0,18,261.750172
-800,58,262.034175
-100,23,262.165855
-720,54,262.360079
-680,52,262.625505
-220,29,262.706773
-200,28,262.81103
40,16,262.863892
-80,22,262.943131
-1010,67,263.18358
60,15,263.259862
0,18,263.365676
-240,30,263.511961
-220,29,263.650462
-360,36,263.798495
-40,20,263.918196
-1050,54,264.141959
-640,50,264.359644
-400,38,264.499999
-440,40,264.710366
-680,52,264.920503
-500,43,265.096343
-200,28,265.176141
-60,21,265.281041
-420,39,265.394882
-120,24,265.493077
-120,24,265.604466
-440,40,265.772943
40,16,265.862239
-200,28,266.010309
-1020,51,266.222883
-160,26,266.322888
-260,31,266.450848
-120,24,266.552821
-160,26,266.640708
-160,26,266.779397
-200,28,266.891905
-100,23,267.005809
-400,38,267.18207
-120,24,267.314856
-420,39,267.552849
-920,64,267.822062
-160,26,267.932466
-60,21,268.012432
-500,43,268.230012
-80,22,284.949033
0,18,285.028064
-60,21,285.113089
-280,32,285.250291
-100,23,285.351898
80,14,285.408029
-80,22,285.494977
40,16,285.548656
-80,22,285.640418
-1070,55,285.889798
-140,25,286.037666
-280,32,286.188695
-400,38,286.337138
-1090,56,286.613063
0,18,286.679606
-120,24,286.776278
-40,20,286.851276
-1120,74,287.127388
-1160,76,287.517383
-1020,69,287.792727
-60,21,287.870509
-420,39,288.000805
-180,27,288.131064
-100,23,288.247491
-740,55,288.549779
60,15,288.588768
-40,20,288.698923
-280,32,288.831395
-260,31,288.928477
-460,41,289.11835
-20,19,289.200317
-180,27,289.296668
-120,24,289.402297
-260,31,289.510222
0,18,289.587776
-460,41,289.758497
-80,22,289.863783
-340,35,290.043544
-80,22,290.163813
40,16,290.236433
-740,55,290.46748
-60,21,290.522096
-220,29,290.67749
-1050,54,290.830826
60,15,290.918933
40,16,290.988525
60,15,291.070036
-80,22,291.164905
-1140,75,291.513443
-460,41,291.697641
0,18,291.760797
-40,20,291.864308
-300,33,292.009077
-1020,51,292.214672
-220,29,292.367089
0,18,292.437703
-160,26,292.548454
0,18,292.644971
-700,53,292.847776
-140,25,292.96146
-300,33,293.07969
-260,31,293.245819
-1040,70,293.577594
-180,27,293.709494
-320,34,311.148241
-180,27,311.283395
-20,19,311.375759
-220,29,311.486467
-380,37,311.644671
-40,20,311.732968
0,18,311.781188
-580,47,312.006261
-160,26,312.132384
-580,47,312.35011
-60,21,312.463832
-220,29,312.609904
-80,22,312.676441
-200,28,312.795621
-480,42,312.990124
-140,25,313.108365
-220,29,313.253204
-580,47,313.387717
-240,30,313.547261
-80,22,313.653833
-200,28,313.799567
-200,28,313.931099
-160,26,314.047471
-100,23,314.185315
-80,22,314.268015
-120,24,314.351319
0,18,314.447133
20,17,314.537824
20,17,314.635937
-340,35,314.809991
0,18,314.887603
-360,36,315.035836
-360,36,315.168674
-60,21,315.270257
-180,27,315.369686
-40,20,315.458143
-540,45,315.63917
40,16,315.698878
0,18,315.790642
-320,34,315.911848
-120,24,316.006866
-540,45,316.233543
-40,20,316.339713
-400,38,316.489822
-440,40,316.6126
-960,66,316.899704
-140,25,316.994278
-180,27,317.102957
-140,25,317.209092
-640,50,317.419252
-460,41,317.56879
-120,24,317.655985
-40,20,317.736017
100,13,317.791097
-240,30,317.935667
-120,24,318.022841
-20,19,318.110816
-280,32,318.227859
-1020,51,318.447062
60,15,318.517595
-380,37,318.665628
0,18,318.750691
-160,26,318.874825
-120,24,318.940666
-160,26,319.044638
-180,27,319.157774
-140,25,319.276442
-120,24,319.401132
-740,55,319.664573
-40,20,319.755783
-540,45,319.912214
-1010,52,337.059413
-320,34,337.211596
-320,34,337.337995
60,15,337.424417
-60,21,337.519016
-140,25,337.65783
-240,30,337.802476
-120,24,337.93345
-480,42,338.106693
-360,36,338.258772
-320,34,338.403564
-160,26,338.544475
-60,21,338.643409
-300,33,338.801474
-220,29,338.925797
-1100,73,339.247074
-80,22,339.357791
-340,35,339.486053
-1020,51,339.75417
0,18,339.845854
-40,20,339.957772
0,18,340.076041
-380,37,340.220149
-840,60,340.5032
-100,23,340.610876
-360,36,340.80866
-220,29,340.963387
0,18,341.057671
-340,35,341.224823
-380,37,341.388622
-360,36,341.524943
-1030,68,341.833418
-1150,59,342.11566
0,18,342.202324
-160,26,342.293647
-910,62,342.565896
-300,33,342.678242
20,17,342.814571
-40,20,342.872758
-60,21,342.972211
-220,29,343.08279
-120,24,343.163683
-1160,76,343.469079
-200,28,343.572699
-460,41,343.791926
-20,19,343.880213
-100,23,344.01677
-420,39,344.165446
-100,23,344.292279
-40,20,344.372878
-100,23,344.460642
-60,21,344.54692
-180,27,344.6414
-80,22,344.758072
80,14,344.837838
-60,21,344.943063
80,14,344.992631
-200,28,345.121649
-260,31,345.261404
-40,20,345.368353
-400,38,345.559927
-280,32,345.716959
-60,21,345.856675
-40,20,345.931856
0,18,346.022645
-280,32,346.18097
100,13,346.267688
-280,32,362.169702
-200,28,362.300529
-240,30,362.42484
-440,40,362.557217
-40,20,362.666726
-180,27,362.775703
-1140,75,363.074864
-140,25,363.185435
-280,32,363.30082
-20,19,363.381191
-700,53,363.602684
120,12,363.648785
0,18,363.738672
-240,30,363.869616
-140,25,364.005331
60,15,364.09211
40,16,364.201369
-80,22,364.324441
-280,32,364.456889
-20,19,364.541352
-60,21,364.635957
-740,55,364.843421
-140,25,364.927307
0,18,365.04314
-260,31,365.141642
60,15,365.222289
-140,25,365.372264
-140,25,365.504645
-240,30,365.637156
-180,27,365.766003
-160,26,365.86064
-120,24,365.945276
-200,28,366.071035
-100,23,366.130578
80,14,366.244971
40,16,366.358003
-400,38,366.523473
-120,24,366.584037
-100,23,366.66735
-480,42,366.846358
-260,31,366.979026
-800,58,367.207957
-240,30,367.291702
-1200,78,367.691009
-970,65,367.947274
120,12,368.009187
-840,60,368.315535
-580,47,368.517013
100,13,368.57287
-400,38,368.724833
-20,19,368.822316
-20,19,368.942182
-80,22,369.042881
-240,30,369.172809
-720,54,369.336802
-380,37,369.467212
-240,30,369.613297
-40,20,369.696794
-60,21,369.825001
-320,34,369.963315
20,17,370.053608
-520,44,370.198713
20,17,370.27335
-180,27,370.428612
-560,46,370.644783
-140,25,370.74906
-840,60,370.961361
-300,33,387.177849
-200,28,387.314767
-560,46,387.519761
-140,25,387.619599
-480,42,387.79223
-340,35,387.924801
-180,27,388.007416
-400,38,388.143338
0,18,388.26215
-100,23,388.35061
60,15,388.404807
-120,24,388.503839
60,15,388.569238
-40,20,388.673402
-880,62,388.909874
-200,28,389.079093
80,14,389.163678
-260,31,389.31109
-180,27,389.462029
-40,20,389.55439
20,17,389.638927
80,14,389.70967
-680,52,389.945421
-40,20,390.03101
-220,29,390.146993
-600,48,390.339944
-320,34,390.524797
-280,32,390.661703
-180,27,390.793771
-60,21,390.912321
-240,30,391.016773
-40,20,391.113779
-100,23,391.218318
-60,21,391.296425
-40,20,391.369613
-140,25,391.449339
40,16,391.508543
-380,37,391.663874
120,12,391.706845
-460,41,391.942638
-120,24,392.049736
-220,29,392.187495
-1020,51,392.41576
-1010,52,392.618794
-1030,53,392.892701
-160,26,393.015742
-160,26,393.09521
20,17,393.15887
0,18,393.289801
-260,31,393.41909
100,13,393.50924
40,16,393.577377
-40,20,393.6702
80,14,393.704717
-640,50,393.96884
100,13,394.015373
-180,27,394.094346
-220,29,394.195343
-220,29,394.367485
-300,33,394.533417
-220,29,394.66469
-600,48,394.840723
0,18,394.916531
-940,65,395.170208
-340,35,395.309257
60,15,395.374607
100,13,395.453157
-360,36,395.57256
-600,48,395.790026
-80,22,395.89244
-160,26,396.02976
-120,24,412.504703
-740,55,412.701719
60,15,412.788222
-200,28,412.916252
-100,23,413.00949
-60,21,413.106778
-1090,56,413.295359
-120,24,413.403727
-240,30,413.516649
-140,25,413.623278
-60,21,413.728654
-180,27,413.867278
-60,21,413.98634
-60,21,414.079463
-100,23,414.203881
-560,46,414.352629
-360,36,414.550807
-460,41,414.710671
-560,46,414.921643
-680,52,415.151103
-460,41,415.344815
-80,22,415.471597
-60,21,415.590893
-380,37,415.779321
-60,21,415.899399
-440,40,416.052688
-780,57,416.29792
-460,41,416.471419
-180,27,416.592438
-200,28,416.685753
0,18,416.767671
-1010,52,417.012059
-260,31,417.148718
40,16,417.246091
-360,36,417.396779
-40,20,417.459413
-1020,51,417.711402
0,18,417.81893
-100,23,417.896255
-500,43,418.074168
-1050,54,418.318023
-1040,70,418.621589
80,14,418.683572
-20,19,418.783566
-40,20,418.854085
-340,35,419.023023
-180,27,419.137945
-200,28,419.265105
-180,27,419.357918
-620,49,419.569859
-420,39,419.721237
-100,23,419.840008
-80,22,419.965273
-40,20,420.047887
-180,27,420.141446
-320,34,420.289987
-60,21,420.371102
60,15,420.425375
-100,23,420.540524
-740,55,420.784798
-320,34,420.933664
-80,22,421.027476
-260,31,421.140724
-1010,52,421.349565
-360,36,437.69644
-80,22,437.78878
-200,28,437.886536
-40,20,437.99319
-240,30,438.141839
-280,32,438.267752
-20,19,438.347082
-60,21,438.447622
-160,26,438.539512
-240,30,438.696489
20,17,438.765279
-40,20,438.866378
-20,19,438.959887
-580,47,439.161135
-1020,51,439.37198
120,12,439.416318
-60,21,439.520488
120,12,439.58498
-280,32,439.736857
-140,25,439.885644
-1030,53,440.094404
-500,43,440.282416
40,16,440.353953
-60,21,440.447218
-1110,72,440.783939
-1010,52,440.994858
-200,28,441.116495
-40,20,441.190445
-640,50,441.423395
-720,54,441.621898
-180,27,441.771337
-220,29,441.895288
-160,26,442.008645
-80,22,442.109395
-300,33,442.272394
-1020,51,442.517153
-20,19,442.606706
-500,43,442.788034
-180,27,442.917263
-160,26,443.029439
-1030,53,443.250058
-80,22,443.377053
20,17,443.479409
-100,23,443.60393
-160,26,443.722516
0,18,443.845188
100,13,443.922026
-200,28,444.060266
-420,39,444.190547
-260,31,444.341746
-420,39,444.493472
-60,21,444.571963
100,13,444.652354
-620,49,444.912736
20,17,445.029839
-480,42,445.251965
60,15,445.325921
-360,36,445.501115
-820,59,445.690562
-200,28,445.850786
-160,26,445.923729
80,14,446.00543
-40,20,446.073599
-20,19,446.15236
-660,51,446.366604
-340,35,446.544844
-500,43,446.79786
-1490,91,463.223913
-140,25,463.353125
0,18,463.444985
-940,65,463.765193
-100,23,463.855363
-760,56,464.139238
-100,23,464.208436
-1230,78,464.510998
-40,20,464.625459
20,17,464.733534
-140,25,464.860986
-20,19,464.961282
-220,29,465.094627
100,13,465.146034
-360,36,465.312107
-280,32,465.473963
-60,21,465.573876
-440,40,465.756107
-540,45,465.926307
-160,26,466.081822
-140,25,466.170823
-460,41,466.346288
-760,56,466.590184
-1110,72,466.968005
40,16,467.078149
-40,20,467.172306
-240,30,467.31358
-680,52,467.571674
-360,36,467.705151
20,17,467.804583
-120,24,467.897724
-580,47,468.093092
-460,41,468.268827
-160,26,468.323344
-60,21,468.420261
-100,23,468.566393
-340,35,468.713358
-160,26,468.867539
-460,41,469.012565
-240,30,469.116062
0,18,469.199635
-200,28,469.283961
60,15,469.360507
-980,67,469.703493
-460,41,469.851602
20,17,469.938391
-220,29,470.074668
-300,33,470.247432
-1020,51,470.464946
100,13,470.512141
-1000,68,470.816752
-740,55,471.070005
-1230,78,471.396165
-100,23,471.505072
-500,43,471.664112
-100,23,471.813516
-80,22,471.906456
-660,51,472.063768
20,17,472.137974
-160,26,489.246453
-600,48,489.454391
-520,44,489.634167
-280,32,489.7572
-60,21,489.886913
40,16,489.958638
-20,19,490.066204
-200,28,490.200104
-200,28,490.32779
100,13,490.398114
20,17,490.484801
0,18,490.542889
-100,23,490.686805
-400,38,490.856794
-540,45,491.066659
80,14,491.116166
-180,27,491.222355
-1110,57,491.421353
-120,24,491.54523
0,18,491.619348
20,17,491.698617
-800,58,491.948092
-280,32,492.087854
-180,27,492.180158
-100,23,492.24019
-60,21,492.353614
-380,37,492.539613
-1590,81,492.860376
-140,25,492.977982
0,18,493.099635
0,18,493.178801
-480,42,493.389523
20,17,493.445537
-380,37,493.606689
-40,20,493.71146
-840,60,494.034071
-400,38,494.191514
20,17,494.309769
-220,29,494.426955
-160,26,494.596017
-400,38,494.764668
-360,36,494.909872
-60,21,495.025983
20,17,495.126252
-840,60,495.350096
40,16,495.416855
-20,19,495.502738
-240,30,495.603659
-60,21,495.702391
-20,19,495.782417
-360,36,495.906998
-300,33,496.04358
-380,37,496.185011
20,17,496.251903
-360,36,496.433068
-1020,51,496.660666
100,13,496.728917
60,15,496.777833
0,18,496.848922
0,18,496.960581
-20,19,497.077276
60,15,497.164022
-480,42,497.339139
-640,50,497.549659
-860,61,497.804734
-400,38,498.001489
-180,27,498.156773
-100,23,498.252026
-20,19,498.337027
-680,52,515.228656
-720,54,515.481606
40,16,515.547574
20,17,515.651526
-300,33,515.796806
-1020,51,515.942841
60,15,516.012419
-100,23,516.104194
80,14,516.19705
-60,21,516.295195
60,15,516.387137
40,16,516.447383
-160,26,516.577967
-100,23,516.666151
-880,62,516.946543
-100,23,517.02976
0,18,517.092703
-20,19,517.175293
-320,34,517.318657
-1020,51,517.514972
-40,20,517.59415
0,18,517.718861
-280,32,517.829329
-300,33,517.943944
-340,35,518.034816
-60,21,518.165586
-40,20,518.282095
-1050,54,518.504998
-300,33,518.625129
-440,40,518.772211
-320,34,518.883665
-260,31,519.008327
-380,37,519.173962
-1010,52,519.332566
-140,25,519.421304
-60,21,519.521359
-200,28,519.649949
-120,24,519.805235
-1020,51,520.008451
-220,29,520.157989
60,15,520.228863
-240,30,520.369564
-780,57,520.618175
-1030,68,520.946113
-60,21,521.066806
-40,20,521.15257
-180,27,521.297595
-440,40,521.447583
-1760,106,521.91223
-820,59,522.120845
-860,61,522.328579
-80,22,522.404433
-160,26,522.532747
-900,63,522.737449
-80,22,522.853364
-180,27,523.022164
-20,19,523.105316
100,13,523.198133
80,14,523.301586
-240,30,523.414712
20,17,523.482778
-20,19,523.551921
-1160,76,540.544941
-280,32,540.702792
-120,24,540.799622
-260,31,540.995838
-320,34,541.164088
-1250,64,541.406816
120,12,541.476357
-1030,68,541.741651
-360,36,541.929108
-120,24,542.056795
-280,32,542.235181
-800,58,542.446706
-760,56,542.68945
-140,25,542.823873
-480,42,543.041212
-960,66,543.33753
-80,22,543.432964
40,16,543.517815
40,16,543.597765
-100,23,543.697112
120,12,543.75597
-480,42,543.973085
-400,38,544.112842
-160,26,544.198965
80,14,544.300308
80,14,544.35843
-60,21,544.461359
20,17,544.562154
-380,37,544.72114
-140,25,544.821385
-420,39,545.015352
-160,26,545.132689
-580,47,545.356318
60,15,545.455112
-1080,72,545.772956
-780,57,546.016955
-1950,99,546.414115
-120,24,546.525213
-660,51,546.76927
-120,24,546.875975
-400,38,547.062922
40,16,547.141917
-240,30,547.274226
80,14,547.339506
-20,19,547.448325
-80,22,547.575622
-620,49,547.772195
0,18,547.855842
100,13,547.955752
-200,28,548.092252
0,18,548.154401
-940,65,548.440063
-60,21,548.572984
-100,23,548.672836
-380,37,548.857642
-620,49,549.032384
-220,29,549.171585
-140,25,549.300206
20,17,549.391052
-120,24,549.523626
-140,25,549.631544
-460,41,549.788501
0,18,549.876572
-40,20,549.935467
-1140,75,566.87792
-1600,98,567.331583
-860,61,567.584532
-260,31,567.723205
20,17,567.79147
20,17,567.852782
-60,21,567.931557
-60,21,568.016742
20,17,568.122002
-60,21,568.199817
-140,25,568.310776
-400,38,568.44014
-260,31,568.584232
0,18,568.664315
40,16,568.748685
-120,24,568.857129
-480,42,569.067348
60,15,569.132423
120,12,569.175017
-180,27,569.266781
-460,41,569.500394
-120,24,569.624832
-640,50,569.822018
0,18,569.908276
0,18,570.011729
-1030,53,570.336008
-300,33,570.475542
-80,22,570.58954
-240,30,570.735699
-160,26,570.866233
-480,42,571.031675
20,17,571.130356
-640,50,571.340737
-500,43,571.530387
-460,41,571.708789
-220,29,571.841031
-860,61,572.078763
-440,40,572.249507
-60,21,572.335663
-1220,79,572.625634
-220,29,572.759447
-20,19,572.835851
-360,36,572.975012
-40,20,573.065302
-480,42,573.223143
-60,21,573.31043
-20,19,573.388005
-60,21,573.47828
-1190,76,573.798685
-20,19,573.864946
-80,22,573.969958
-100,23,574.069149
-180,27,574.164257
-1330,83,574.524788
100,13,574.613792
-140,25,574.71818
-560,46,574.954671
-100,23,575.072326
-560,46,575.302877
-200,28,575.406071
40,16,575.498265
-1510,92,593.093603
20,17,593.178219
80,14,593.250162
-60,21,593.342925
-500,43,593.505582
-1060,71,593.827913
-160,26,593.952883
-120,24,594.044553
40,16,594.122321
-80,22,594.219094
-140,25,594.300688
-660,51,594.539811
-100,23,594.646613
-60,21,594.714895
-60,21,594.804589
-300,33,594.960888
20,17,595.031779
-80,22,595.168376
-320,34,595.328129
-400,38,595.464004
-200,28,595.594571
-80,22,595.699431
-60,21,595.839686
-320,34,596.013378
-300,33,596.166148
-600,48,596.353651
20,17,596.424916
-840,60,596.688525
-20,19,596.757427
20,17,596.842388
-200,28,596.996384
-60,21,597.099144
40,16,597.190307
-180,27,597.330715
-1270,65,597.59274
-420,39,597.774572
-120,24,597.862718
-500,43,598.089008
-160,26,598.23809
-600,48,598.469647
-320,34,598.632452
-240,30,598.763233
-100,23,598.848099
-1070,55,599.104471
-100,23,599.200398
-720,54,599.422194
-910,62,599.623553
0,18,599.729161
-100,23,599.834458
-60,21,599.937014
-80,22,600.053297
-440,40,600.278054
0,18,600.388388
-960,66,600.649013
-60,21,600.744828
-120,24,600.860472
-1010,67,601.118455
60,15,601.176978
-140,25,601.323572
-380,37,601.468245
-340,35,601.601149
-240,30,601.76353
120,12,601.81538
-120,24,601.937024
-100,23,602.050783
0,18,618.853719
-160,26,618.94326
-120,24,619.009108
-120,24,619.168868
40,16,619.248113
0,18,619.326089
-560,46,619.573472
-380,37,619.757024
-910,62,620.002333
-840,60,620.32988
-1250,79,620.657192
-1190,61,620.968413
-40,20,621.077356
-140,25,621.168488
-100,23,621.271521
-180,27,621.398277
-20,19,621.445405
60,15,621.521402
-180,27,621.596032
-60,21,621.694658
-100,23,621.792663
-20,19,621.868206
20,17,621.942408
-120,24,622.085374
-80,22,622.186179
-240,30,622.335047
-1170,60,622.610227
-80,22,622.714999
60,15,622.814293
-1160,76,623.123728
-100,23,623.224934
-200,28,623.35162
20,17,623.410094
-200,28,623.520723
-120,24,623.643448
-400,38,623.825727
-160,26,623.965088
-180,27,624.079255
100,13,624.148736
60,15,624.225445
-340,35,624.417454
-120,24,624.535999
-40,20,624.60266
-40,20,624.675749
-80,22,624.789368
-100,23,624.917895
-260,31,625.047683
-340,35,625.251517
20,17,625.342284
-200,28,625.462213
60,15,625.518307
-100,23,625.593523
-180,27,625.769686
80,14,625.831352
-520,44,626.067836
-200,28,626.21743
-300,33,626.333974
120,12,626.371027
-160,26,626.492335
-320,34,626.587944
-1020,51,626.778841
-240,30,626.912994
-140,25,627.049584
-1020,51,627.261901
-340,35,627.392579
40,16,627.445074
-420,39,627.63624
-220,29,627.757793
-260,31,627.890354
-60,21,627.952417
-120,24,628.085827
-180,27,644.344587
-240,30,644.504323
-1020,51,644.698614
0,18,644.761927
-180,27,644.899701
20,17,644.966357
-640,50,645.219195
-240,30,645.395823
60,15,645.442157
20,17,645.506736
-140,25,645.643852
-220,29,645.799117
-720,54,646.068751
-160,26,646.169303
0,18,646.279139
-1290,66,646.584297
0,18,646.662549
-180,27,646.781986
-40,20,646.891924
-320,34,647.022908
-280,32,647.146507
-260,31,647.297965
20,17,647.383008
80,14,647.43049
-500,43,647.658145
-620,49,647.874742
-140,25,647.975827
-20,19,648.085892
-200,28,648.202318
20,17,648.260132
-440,40,648.446918
40,16,648.52976
-120,24,648.626419
-400,38,648.773884
-80,22,648.858328
-380,37,649.014189
20,17,649.118104
0,18,649.197151
-40,20,649.339844
-120,24,649.461296
-40,20,649.55286
-220,29,649.680263
-80,22,649.776538
60,15,649.903095
-400,38,650.072635
20,17,650.146801
80,14,650.205727
-80,22,650.304195
-140,25,650.405415
-320,34,650.553706
-40,20,650.628193
-200,28,650.77364
40,16,650.846839
-1270,65,651.125981
-180,27,651.267794
-40,20,651.368571
-80,22,651.460662
-1020,69,651.77448
-260,31,651.893248
-60,21,651.975397
-160,26,652.08007
-340,35,652.23703
-140,25,652.349663
-1020,51,652.605259
20,17,652.677341
-800,58,652.871491
-540,45,653.100861
-900,63,653.362195
-480,42,653.527485
100,13,669.9699
20,17,670.015994
-240,30,670.13276
-120,24,670.275238
-820,59,670.505705
40,16,670.558776
-60,21,670.678004
-20,19,670.779528
-580,47,670.979547
-880,62,671.236874
-620,49,671.458621
-80,22,671.548906
-200,28,671.692163
-560,46,671.905144
-480,42,672.04783
20,17,672.113466
100,13,672.192289
-120,24,672.271801
-160,26,672.436711
-60,21,672.544088
80,14,672.656559
120,12,672.745093
-280,32,672.901463
-420,39,673.057156
-860,61,673.313947
-220,29,673.473536
60,15,673.527759
40,16,673.623353
-40,20,673.705882
40,16,673.750508
-40,20,673.830004
-180,27,673.971673
-300,33,674.125284
-60,21,674.244487
-100,23,674.367208
-260,31,674.488012
-220,29,674.626391
-1030,53,674.876428
20,17,674.954159
-120,24,675.07098
-500,43,675.267701
-260,31,675.412421
-260,31,675.560922
-80,22,675.664047
-80,22,675.802604
-240,30,675.954346
-1010,52,676.211015
-80,22,676.312266
0,18,676.362121
-480,42,676.557939
-480,42,676.753242
-640,50,676.963956
20,17,677.034678
-200,28,677.126186
-500,43,677.324861
-240,30,677.472615
-200,28,677.610769
-970,65,677.897839
100,13,677.95697
-580,47,678.17883
-60,21,678.282712
-460,41,678.441478
-1140,75,678.743083
-1010,52,678.929953
-200,28,679.041481
80,14,679.139435
-60,21,695.520492
60,15,695.579154
-950,64,695.853039
-580,47,696.111857
-140,25,696.220587
-180,27,696.334002
-220,29,696.486196
-240,30,696.609947
-20,19,696.693688
-140,25,696.808461
-600,48,697.025936
-160,26,697.117291
-60,21,697.19927
-240,30,697.343726
20,17,697.401421
-20,19,697.473391
-80,22,697.564059
-460,41,697.774932
60,15,697.873366
80,14,697.948678
60,15,698.0358
-120,24,698.117978
-360,36,698.262261
-600,48,698.454021
120,12,698.527366
-80,22,698.644029
-60,21,698.73417
-100,23,698.863822
-80,22,698.947264
-200,28,699.035383
0,18,699.106236
-340,35,699.313896
-1150,59,699.500572
60,15,699.578255
60,15,699.67
0,18,699.760925
-200,28,699.880103
-1020,51,700.105311
-380,37,700.269047
-100,23,700.394164
40,16,700.453464
-260,31,700.626511
-180,27,700.716377
-1070,70,701.024194
-120,24,701.13295
-120,24,701.259569
-1080,72,701.58329
-480,42,701.772007
80,14,701.831384
-360,36,701.980078
-160,26,702.095454
-1110,57,702.321716
-1030,53,702.591281
0,18,702.686763
0,18,702.759947
100,13,702.806868
60,15,702.929362
-160,26,703.056478
-120,24,703.127151
-1060,71,703.418591
-140,25,703.56651
-520,44,703.778559
-60,21,703.909009
100,13,703.951442
-40,20,704.049003
120,12,704.142034
-20,19,704.220401
-220,29,704.346531
-260,31,704.489067
-20,19,704.577574
-120,24,704.708351
-180,27,704.805107
-260,31,721.228316
-100,23,721.323598
-40,20,721.440104
20,17,721.545502
-220,29,721.653497
-140,25,721.746306
-1030,53,721.950491
-40,20,722.034972
-260,31,722.157087
-40,20,722.261143
-260,31,722.410993
-440,40,722.610412
0,18,722.725827
40,16,722.7978
-640,50,723.01142
-80,22,723.132821
-120,24,723.236749
-100,23,723.33446
0,18,723.39694
0,18,723.484996
-1020,69,723.799693
-380,37,724.009683
-220,29,724.131881
120,12,724.184222
-1180,77,724.542275
-140,25,724.668324
-120,24,724.761306
-60,21,724.876392
-340,35,725.001297
-400,38,725.220612
-560,46,725.440889
-260,31,725.613809
-100,23,725.742866
-1050,54,725.945434
0,18,726.066051
-100,23,726.179799
-120,24,726.285815
-40,20,726.427733
-380,37,726.620174
-40,20,726.743496
-380,37,726.928087
-120,24,727.032876
-340,35,727.167931
-500,43,727.337929
-360,36,727.487192
-160,26,727.563627
-580,47,727.768381
-280,32,727.928696
-120,24,728.032727
-1030,68,728.349571
100,13,728.418825
-280,32,728.554421
60,15,728.657436
-160,26,728.783842
-60,21,728.90897
-60,21,728.986741
-80,22,729.106923
-20,19,729.214557
-280,32,729.343148
-60,21,729.459324
-240,30,729.59161
-40,20,729.692723
20,17,729.79032
40,16,729.870267
-300,33,729.982433
20,17,730.073866
-80,22,730.162406
60,15,730.261254
40,16,730.3396
-580,47,730.547749
-60,21,730.640684
-40,20,747.539807
-20,19,747.650194
20,17,747.763509
80,14,747.856261
80,14,747.9369
-140,25,748.049851
-100,23,748.152741
100,13,748.240038
-20,19,748.303735
-60,21,748.419142
80,14,748.508011
60,15,748.576889
-400,38,748.787587
-1010,52,749.039908
-160,26,749.169096
-220,29,749.311428
-480,42,749.449896
-240,30,749.606687
-280,32,749.728974
-760,56,750.012654
-1010,52,750.259163
20,17,750.343006
-60,21,750.439254
-40,20,750.50538
-680,52,750.726751
-880,62,751.018232
80,14,751.113122
0,18,751.183416
-340,35,751.355513
-1140,75,751.705897
-340,35,751.851884
-40,20,751.952908
-280,32,752.09094
-1360,86,752.465722
-1160,76,752.842059
-40,20,752.965094
-20,19,753.056184
-100,23,753.142761
-260,31,753.253188
-180,27,753.388985
-280,32,753.536307
0,18,753.60573
-160,26,753.714019
100,13,753.770443
20,17,753.847645
-120,24,753.953901
60,15,754.055517
-20,19,754.147768
-200,28,754.279749
-20,19,754.381601
80,14,754.44955
-100,23,754.545782
-520,44,754.714684
40,16,754.816589
-300,33,754.967719
-160,26,755.086156
80,14,755.171325
-40,20,755.256862
80,14,755.325462
-420,39,755.515124
-240,30,755.679438
80,14,755.750513
20,17,755.834636
-320,34,755.971301
-40,20,756.089615
-180,27,756.200475
-20,19,756.284262
-920,64,756.524771
-160,26,756.689675
-220,29,756.808742
-120,24,756.936096
-60,21,757.036709
0,18,757.130876
40,16,774.024544
-140,25,774.110155
-420,39,774.267581
-720,54,774.48702
20,17,774.579056
60,15,774.656053
20,17,774.750451
100,13,774.838128
60,15,774.89991
-100,23,775.034948
-1030,53,775.348058
80,14,775.414586
-60,21,775.511024
-1060,71,775.881979
-240,30,776.033853
-400,38,776.229662
-80,22,776.355414
-20,19,776.472771
-200,28,776.61331
-1050,54,776.905234
0,18,776.975815
-80,22,777.06041
-160,26,777.170613
40,16,777.284982
-160,26,777.419084
-20,19,777.500468
20,17,777.547458
-60,21,777.657285
-1030,53,777.886142
40,16,777.982889
80,14,778.030232
80,14,778.15765
40,16,778.271715
-20,19,778.373291
20,17,778.485874
-360,36,778.657163
-480,42,778.846111
-140,25,778.975357
-1340,85,779.416858
-400,38,779.550283
-580,47,779.799439
0,18,779.854966
60,15,779.918121
-20,19,780.029228
40,16,780.11357
100,13,780.191506
-160,26,780.311606
-300,33,780.449692
-1070,55,780.703551
100,13,780.751374
-60,21,780.870504
-380,37,781.00713
100,13,781.06392
-60,21,781.157844
-100,23,781.246433
-360,36,781.417913
-1650,99,781.882507
100,13,781.937278
-180,27,782.068521
-660,51,782.31552
-280,32,782.43092
-1020,51,782.615544
-100,23,782.692791
-340,35,782.873992
-440,40,783.025247
-200,28,783.206012
-760,56,783.493146
40,16,783.569529
100,13,783.622828
-160,26,783.772087
