#{"t_start": 1692018644.9276133, "env_id": null}
r,l,t
20.0,17,12.103042
0.0,18,12.128716
0.0,18,12.12882
-20.0,19,12.141132
-200.0,28,12.171641
-320.0,34,12.194915
-20.0,19,12.213172
-40.0,20,12.234394
-120.0,24,12.255734
-60.0,21,12.299732
-140.0,25,12.310948
-560.0,46,12.324156
-280.0,32,12.333389
-440.0,40,12.342314
-360.0,36,12.365108
-100.0,23,12.386901
60.0,15,12.386974
-240.0,30,12.420146
-240.0,30,12.437175
-60.0,21,12.446941
20.0,17,12.456259
-20.0,19,12.472813
-120.0,24,12.51265
-800.0,58,12.53339
-240.0,30,12.554124
-240.0,30,12.567942
0.0,18,12.578839
20.0,17,12.601729
-460.0,41,12.615049
-20.0,19,12.645652
-1090.0,56,12.656424
-40.0,20,12.690317
-240.0,30,12.690376
-220.0,29,12.721246
-80.0,22,12.74698
-660.0,51,12.774171
-60.0,21,12.802316
-380.0,37,12.827179
40.0,16,12.839123
-240.0,30,12.856073
-780.0,57,12.883362
-680.0,52,12.897874
40.0,16,12.907352
40.0,16,12.938369
-40.0,20,12.938427
-340.0,35,12.957236
60.0,15,12.973663
0.0,18,12.98484
-120.0,24,13.024153
-280.0,32,13.048328
-260.0,31,13.069036
-380.0,37,13.105174
-440.0,40,13.115014
-920.0,64,13.130195
-340.0,35,13.165032
-200.0,28,13.186539
-20.0,19,13.209702
60.0,15,13.223075
-100.0,23,13.271013
-880.0,62,13.286319
-240.0,30,13.300548
-540.0,45,13.323162
-800.0,58,13.336445
-140.0,25,13.37369
-760.0,56,13.373738
80.0,14,13.383926
-120.0,24,13.395169
-40.0,20,13.437003
-60.0,21,13.447526
-600.0,48,13.478814
-1250.0,64,13.493853
-460.0,41,13.528314
-300.0,33,13.5556
-100.0,23,13.567783
40.0,16,13.589477
-760.0,56,13.589542
-420.0,39,13.603649
80.0,14,13.63877
-400.0,38,13.654313
-20.0,19,13.671115
-120.0,24,13.715252
-140.0,25,13.715308
-160.0,26,13.728413
-20.0,19,13.750118
40.0,16,13.761707
40.0,16,13.784686
20.0,17,13.816336
60.0,15,13.830442
-20.0,19,13.857934
-260.0,31,13.882721
20.0,17,13.916881
-140.0,25,13.927763
-120.0,24,13.965891
-720.0,54,13.987018
0.0,18,14.013187
-940.0,65,14.027389
-680.0,52,14.042307
-300.0,33,14.065876
-180.0,27,14.08523
-260.0,31,14.103726
-180.0,27,14.118469
-300.0,33,14.138459
-280.0,32,14.170918
-120.0,24,14.198323
-280.0,32,14.210738
-20.0,19,14.232977
-120.0,24,14.264428
-360.0,36,14.264479
-320.0,34,14.276511
40.0,16,14.327383
-320.0,34,14.339184
-200.0,28,14.363002
-240.0,30,14.376443
-760.0,56,14.400778
-60.0,21,14.427355
-460.0,41,14.454071
-120.0,24,14.471704
-1130.0,73,14.484014
40.0,16,14.497964
-380.0,37,14.512138
0.0,18,14.553651
-100.0,23,14.565629
20.0,17,14.576834
-940.0,65,14.5909
-80.0,22,14.609158
40.0,16,14.64667
-20.0,19,14.666461
-60.0,21,14.678639
-400.0,38,14.690232
-200.0,28,14.726104
-120.0,24,14.753749
0.0,18,14.772391
-180.0,27,14.792725
-100.0,23,14.826737
-80.0,22,14.852972
-940.0,65,14.887051
-180.0,27,14.901961
0.0,18,14.919717
-680.0,52,14.932313
-200.0,28,14.932365
-160.0,26,14.972555
-80.0,22,14.993111
20.0,17,14.993168
-140.0,25,15.006417
-140.0,25,15.039011
-20.0,19,15.07536
-320.0,34,15.08876
40.0,16,15.098579
-40.0,20,15.112994
-120.0,24,15.129292
-20.0,19,15.16519
-180.0,27,15.173604
-40.0,20,15.183872
-80.0,22,15.236207
-160.0,26,15.236703
-60.0,21,15.269247
-140.0,25,15.286562
-20.0,19,15.310189
-680.0,52,15.324377
-460.0,41,15.351713
-220.0,29,15.37495
-40.0,20,15.374998
-540.0,45,15.394943
-400.0,38,15.440145
-60.0,21,15.463876
-800.0,58,15.485144
-440.0,40,15.513661
-560.0,46,15.531872
-80.0,22,15.549829
-800.0,58,15.565784
-380.0,37,15.596329
0.0,18,15.596404
40.0,16,15.647185
-220.0,29,15.656864
-620.0,49,15.679518
-360.0,36,15.70049
-420.0,39,15.711453
-140.0,25,15.74594
-180.0,27,15.787597
-300.0,33,15.787706
-280.0,32,15.825189
60.0,15,15.85059
-120.0,24,15.850683
-420.0,39,15.876048
-100.0,23,15.917068
-1100.0,73,15.917164
-160.0,26,15.974523
-220.0,29,15.998853
-420.0,39,16.039382
-660.0,51,16.066981
-300.0,33,16.098905
-580.0,47,16.098964
-200.0,28,16.114512
-800.0,58,16.147522
-200.0,28,16.179199
0.0,18,16.192822
20.0,17,16.22029
-220.0,29,16.235421
-360.0,36,16.246235
-300.0,33,16.259945
-120.0,24,16.292846
-180.0,27,16.332783
20.0,17,16.332858
-40.0,20,16.357449
-140.0,25,16.379777
-20.0,19,16.398257
-200.0,28,16.423059
100.0,13,16.446177
-60.0,21,16.461786
60.0,15,16.487582
-380.0,37,16.521812
-140.0,25,16.549033
-220.0,29,16.54969
-100.0,23,16.562552
-160.0,26,16.596886
-420.0,39,16.618104
-220.0,29,16.641513
-380.0,37,16.676033
-160.0,26,16.693646
-440.0,40,16.693781
-100.0,23,16.712836
-580.0,47,16.732772
-200.0,28,16.756101
-20.0,19,16.772218
40.0,16,16.806646
-300.0,33,16.824825
-380.0,37,16.836286
-140.0,25,16.853284
-120.0,24,16.880414
20.0,17,16.890201
60.0,15,16.902732
-700.0,53,16.92515
-840.0,60,16.925208
40.0,16,16.953993
-40.0,20,16.977948
-160.0,26,16.993259
-1010.0,52,17.022442
-160.0,26,17.04807
-40.0,20,17.060362
-80.0,22,17.08419
0.0,18,17.097409
-680.0,52,17.123257
-60.0,21,17.143039
-820.0,59,17.154134
-140.0,25,17.166694
-20.0,19,17.180043
0.0,18,17.222058
0.0,18,17.264113
-400.0,38,17.290825
-140.0,25,17.301939
-120.0,24,17.320804
-260.0,31,17.340426
20.0,17,17.375655
-360.0,36,17.38908
-120.0,24,17.412007
-40.0,20,17.412066
-300.0,33,17.426483
-520.0,44,17.488439
-40.0,20,17.506195
-60.0,21,17.519709
-140.0,25,17.545129
-240.0,30,17.545221
-140.0,25,17.568293
80.0,14,17.584827
-40.0,20,17.60531
-60.0,21,17.615894
-60.0,21,17.642961
-200.0,28,17.64301
-240.0,30,17.660132
-180.0,27,17.704408
-440.0,40,17.716972
-140.0,25,17.726602
-540.0,45,17.758405
-520.0,44,17.777745
-460.0,41,17.788628
-180.0,27,17.804053
-400.0,38,17.83677
-220.0,29,17.855861
-120.0,24,17.870544
-580.0,47,17.889683
-120.0,24,17.901985
-100.0,23,17.963356
20.0,17,17.963482
-60.0,21,17.984305
-280.0,32,18.015956
-520.0,44,18.035731
20.0,17,18.061291
20.0,17,18.061504
-1010.0,67,18.081656
40.0,16,18.093089
20.0,17,18.112528
-80.0,22,18.146564
-400.0,38,18.156835
-200.0,28,18.17197
-200.0,28,18.188936
-200.0,28,18.241003
-320.0,34,18.241101
0.0,18,18.257403
100.0,13,18.294807
-20.0,19,18.332531
-480.0,42,18.3326
-860.0,61,18.332633
-140.0,25,18.364339
-760.0,56,18.39196
-80.0,22,18.424988
-260.0,31,18.437494
-160.0,26,18.449949
-80.0,22,18.465293
-180.0,27,18.465618
40.0,16,18.514952
-160.0,26,18.533951
-220.0,29,18.555906
-340.0,35,18.568398
0.0,18,18.575875
-380.0,37,18.592834
-760.0,56,18.610306
40.0,16,18.642866
40.0,16,18.660802
0.0,18,18.675618
-40.0,20,18.697615
-460.0,41,18.717791
-220.0,29,18.73916
-40.0,20,18.786887
-420.0,39,18.799616
-20.0,19,18.812706
-280.0,32,18.829316
-620.0,49,18.862046
-600.0,48,18.880797
-20.0,19,18.901055
0.0,18,18.933499
-240.0,30,18.96064
-320.0,34,18.972498
-80.0,22,18.98824
-80.0,22,19.011223
40.0,16,19.04039
-60.0,21,19.056226
-480.0,42,19.073735
-540.0,45,19.115425
-220.0,29,19.115477
-440.0,40,19.147384
-100.0,23,19.147445
-300.0,33,19.183928
-260.0,31,19.198003
-100.0,23,19.220643
-40.0,20,19.241233
-120.0,24,19.2691
-300.0,33,19.282405
-20.0,19,19.300716
20.0,17,19.307848
-180.0,27,19.319995
-300.0,33,19.335692
-180.0,27,19.351611
-180.0,27,19.376009
-20.0,19,19.418123
-300.0,33,19.436854
-220.0,29,19.460737
-300.0,33,19.460835
-40.0,20,19.482558
-160.0,26,19.500863
-40.0,20,19.536126
-80.0,22,19.550246
-80.0,22,19.563371
-160.0,26,19.598243
-60.0,21,19.633513
-60.0,21,19.648384
-160.0,26,19.666132
-560.0,46,19.684268
100.0,13,19.693965
-140.0,25,19.704787
0.0,18,19.726653
-1020.0,69,19.75119
60.0,15,19.797851
-180.0,27,19.814227
-420.0,39,19.842002
-320.0,34,19.857223
0.0,18,19.900374
100.0,13,19.9132
80.0,14,19.934696
-100.0,23,19.934773
-640.0,50,19.952958
-780.0,57,19.990176
20.0,17,20.011357
-200.0,28,20.038524
-320.0,34,20.062452
-400.0,38,20.062503
-500.0,43,20.079834
-100.0,23,20.092952
-140.0,25,20.162326
-180.0,27,20.173571
-700.0,53,20.205244
-260.0,31,20.217725
-660.0,51,20.251662
-560.0,46,20.282688
-300.0,33,20.302972
-320.0,34,20.329826
-160.0,26,20.329961
120.0,12,20.364852
-260.0,31,20.373483
-200.0,28,20.401038
60.0,15,20.401089
120.0,12,20.401112
20.0,17,20.447794
-60.0,21,20.476816
-280.0,32,20.502703
-400.0,38,20.524303
-580.0,47,20.536275
-420.0,39,20.562958
-140.0,25,20.584403
-20.0,19,20.603399
-160.0,26,20.618442
100.0,13,20.62843
-80.0,22,20.668124
40.0,16,20.682002
-40.0,20,20.699318
-160.0,26,20.709271
40.0,16,37.638031
-140.0,25,37.65273
-720.0,54,37.662551
-240.0,30,37.694977
-340.0,35,37.707765
-20.0,19,37.725117
-100.0,23,37.758723
-1040.0,70,37.781286
20.0,17,37.793483
-120.0,24,37.813056
-360.0,36,37.850489
-120.0,24,37.878784
-680.0,52,37.878864
-100.0,23,37.8789
-80.0,22,37.898836
-120.0,24,37.945564
-100.0,23,37.945632
-1010.0,67,37.984398
-180.0,27,38.016914
80.0,14,38.027539
-680.0,52,38.041159
-660.0,51,38.068004
-1150.0,59,38.087265
-380.0,37,38.097165
-60.0,21,38.129102
20.0,17,38.141571
-20.0,19,38.170827
-240.0,30,38.184032
-280.0,32,38.227682
-40.0,20,38.242883
80.0,14,38.259252
-640.0,50,38.301119
-120.0,24,38.317653
-340.0,35,38.338059
-60.0,21,38.357136
-240.0,30,38.384343
-280.0,32,38.398874
-120.0,24,38.408587
-60.0,21,38.426963
-280.0,32,38.453642
60.0,15,38.467364
100.0,13,38.484796
-260.0,31,38.502837
-80.0,22,38.529823
40.0,16,38.542386
-200.0,28,38.56146
-100.0,23,38.591045
-100.0,23,38.603998
-160.0,26,38.628158
-20.0,19,38.645306
-60.0,21,38.658432
-280.0,32,38.693093
-240.0,30,38.717677
-20.0,19,38.730328
-120.0,24,38.745258
20.0,17,38.760238
-440.0,40,38.771625
-320.0,34,38.785751
-60.0,21,38.817189
-60.0,21,38.83034
-400.0,38,38.864329
-140.0,25,38.864382
0.0,18,38.877714
-400.0,38,38.904023
-440.0,40,38.922465
-180.0,27,38.942074
20.0,17,38.953222
40.0,16,38.968027
-100.0,23,38.985419
60.0,15,39.017627
40.0,16,39.032389
-180.0,27,39.0464
-100.0,23,39.06311
-480.0,42,39.116231
-40.0,20,39.12952
-500.0,43,39.151159
-280.0,32,39.173983
-320.0,34,39.174045
-480.0,42,39.207873
60.0,15,39.207978
-340.0,35,39.261916
-140.0,25,39.285244
-180.0,27,39.298452
-340.0,35,39.313445
-400.0,38,39.325257
-140.0,25,39.350751
-1030.0,53,39.366247
-200.0,28,39.386044
-100.0,23,39.397312
-380.0,37,39.415023
-80.0,22,39.42931
-200.0,28,39.455784
-560.0,46,39.493634
-40.0,20,39.493691
-80.0,22,39.524857
-320.0,34,39.535563
-220.0,29,39.570901
-120.0,24,39.581234
-260.0,31,39.606244
-460.0,41,39.616918
20.0,17,39.645064
-460.0,41,39.681043
-240.0,30,39.695903
60.0,15,39.707784
-600.0,48,39.73048
-260.0,31,39.767686
-240.0,30,39.767814
-60.0,21,39.822413
-40.0,20,39.840434
-220.0,29,39.850007
-180.0,27,39.872923
-40.0,20,39.872994
-160.0,26,39.908269
20.0,17,39.939404
-100.0,23,39.953727
-260.0,31,39.97315
-40.0,20,39.996197
-320.0,34,40.040719
80.0,14,40.040775
100.0,13,40.082044
-120.0,24,40.091987
-140.0,25,40.12098
-500.0,43,40.155505
-100.0,23,40.18968
-400.0,38,40.200141
-200.0,28,40.214342
-1390.0,86,40.244334
-320.0,34,40.257073
-40.0,20,40.276703
-180.0,27,40.315287
-580.0,47,40.334517
-20.0,19,40.346464
-440.0,40,40.361687
-380.0,37,40.398427
-40.0,20,40.421785
-620.0,49,40.444932
-280.0,32,40.451689
-120.0,24,40.459931
-240.0,30,40.470722
-100.0,23,40.485326
-40.0,20,40.50038
-40.0,20,40.529031
-200.0,28,40.565062
-340.0,35,40.585961
-140.0,25,40.594232
-40.0,20,40.605305
-300.0,33,40.61441
-120.0,24,40.648233
20.0,17,40.658492
-140.0,25,40.687638
-970.0,65,40.720688
-80.0,22,40.720782
-360.0,36,40.755023
100.0,13,40.775233
-180.0,27,40.796129
-80.0,22,40.805578
-140.0,25,40.823492
-100.0,23,40.841901
-40.0,20,40.86465
-120.0,24,40.895694
-240.0,30,40.923216
-820.0,59,40.938583
-120.0,24,40.955573
-320.0,34,40.97309
-60.0,21,40.996871
-300.0,33,41.012055
40.0,16,41.05148
-40.0,20,41.051538
-400.0,38,41.088463
-520.0,44,41.100047
-40.0,20,41.109487
-60.0,21,41.119648
-260.0,31,41.131001
-400.0,38,41.15694
40.0,16,41.180583
-100.0,23,41.222027
-140.0,25,41.241632
-40.0,20,41.261737
-300.0,33,41.276062
-300.0,33,41.28682
-220.0,29,41.295688
0.0,18,41.347605
-300.0,33,41.362637
-360.0,36,41.380006
-260.0,31,41.393788
-160.0,26,41.432823
-40.0,20,41.444851
-200.0,28,41.475229
-680.0,52,41.475353
-20.0,19,41.493143
-840.0,60,41.537625
60.0,15,41.53769
-60.0,21,41.557877
-140.0,25,41.59024
-160.0,26,41.601136
-260.0,31,41.623016
-40.0,20,41.633831
0.0,18,41.663875
-360.0,36,41.70476
-60.0,21,41.716041
-260.0,31,41.759556
-740.0,55,41.788821
-160.0,26,41.828843
-200.0,28,41.844504
-100.0,23,41.863394
-880.0,62,41.881098
-540.0,45,41.881155
40.0,16,41.90258
-340.0,35,41.92522
40.0,16,41.935056
20.0,17,41.942649
-120.0,24,41.952009
-100.0,23,41.970053
-160.0,26,42.017029
40.0,16,42.017102
-60.0,21,42.03448
-160.0,26,42.051529
20.0,17,42.077739
-240.0,30,42.090629
-200.0,28,42.130996
-220.0,29,42.145302
-1030.0,53,42.15802
-500.0,43,42.183969
-200.0,28,42.197037
-400.0,38,42.234277
-280.0,32,42.272392
-420.0,39,42.28586
-260.0,31,42.301079
-140.0,25,42.329477
-380.0,37,42.341031
-620.0,49,42.367433
-60.0,21,42.392359
-300.0,33,42.411333
-200.0,28,42.432624
-180.0,27,42.451085
-380.0,37,42.469885
-40.0,20,42.499831
-840.0,60,42.512974
-420.0,39,42.536211
-160.0,26,42.568617
-80.0,22,42.583638
60.0,15,42.606421
60.0,15,42.647442
60.0,15,42.665761
-480.0,42,42.704426
-580.0,47,42.713043
-140.0,25,42.749675
-500.0,43,42.749779
-220.0,29,42.749849
-1280.0,82,42.749884
80.0,14,42.7983
-160.0,26,42.811009
-200.0,28,42.822589
-120.0,24,42.831341
-280.0,32,42.853738
-240.0,30,42.891732
-280.0,32,42.908993
-280.0,32,42.925108
-400.0,38,42.944962
-220.0,29,42.972812
-1190.0,76,42.984387
-120.0,24,43.01261
40.0,16,43.012706
-340.0,35,43.044259
-1090.0,56,43.066637
100.0,13,43.09233
-60.0,21,43.119813
20.0,17,43.137193
60.0,15,43.165092
-120.0,24,43.215003
-100.0,23,43.233896
-500.0,43,43.245521
-180.0,27,43.258962
80.0,14,43.278849
-600.0,48,43.320863
-80.0,22,43.333685
20.0,17,43.358308
-580.0,47,43.383885
-400.0,38,43.430101
-40.0,20,43.445036
-140.0,25,43.462991
-620.0,49,43.480745
80.0,14,43.508256
-180.0,27,43.508307
0.0,18,43.521345
-520.0,44,43.546307
-160.0,26,43.560918
-60.0,21,43.581276
-40.0,20,43.593073
120.0,12,43.607113
-360.0,36,43.651141
-40.0,20,43.651195
-80.0,22,43.673705
-20.0,19,43.687778
-680.0,52,43.707362
-320.0,34,43.747304
-100.0,23,43.761092
-160.0,26,43.793039
20.0,17,43.809798
-340.0,35,43.829484
-80.0,22,43.843799
-560.0,46,43.865062
40.0,16,43.896234
-100.0,23,43.92126
20.0,17,43.921389
-120.0,24,43.958008
-820.0,59,43.958064
-80.0,22,43.969475
-260.0,31,44.016518
-240.0,30,44.027189
-140.0,25,44.040715
-440.0,40,44.061376
80.0,14,44.073899
-340.0,35,44.088353
-220.0,29,44.126027
-760.0,56,44.150209
-180.0,27,44.169575
-540.0,45,44.200042
-580.0,47,44.2352
40.0,16,44.255231
-140.0,25,44.270628
-800.0,58,44.285154
-520.0,44,44.316722
-40.0,20,44.339507
-140.0,25,44.370888
-1050.0,69,44.395185
-440.0,40,44.407086
40.0,16,44.419159
-400.0,38,44.438896
-240.0,30,44.458251
20.0,17,44.474802
60.0,15,44.504874
-40.0,20,44.519358
-40.0,20,44.537505
-180.0,27,44.547805
20.0,17,44.575999
-200.0,28,44.593973
-200.0,28,44.622861
-140.0,25,44.640159
-40.0,20,44.653968
-360.0,36,44.683714
-760.0,56,44.702355
-200.0,28,44.713732
60.0,15,44.722443
-60.0,21,44.730554
40.0,16,44.77682
20.0,17,44.798253
-180.0,27,44.819196
-240.0,30,44.845822
-260.0,31,44.863574
-1010.0,52,44.887643
-60.0,21,44.912168
-180.0,27,44.929566
40.0,16,44.940731
-160.0,26,44.980485
20.0,17,45.011099
-640.0,50,45.046311
-480.0,42,45.078186
-280.0,32,45.078235
-320.0,34,45.109867
80.0,14,45.109937
-180.0,27,45.109966
-400.0,38,45.161874
-140.0,25,45.187272
-100.0,23,45.197172
-180.0,27,45.214061
-360.0,36,45.240307
0.0,18,45.262213
-120.0,24,45.279141
80.0,14,45.306207
-300.0,33,45.331053
-950.0,64,45.360385
-120.0,24,45.402879
-60.0,21,45.41933
-910.0,62,45.432199
-380.0,37,45.455678
-220.0,29,45.475771
-100.0,23,45.49884
80.0,14,45.512681
-740.0,55,45.532746
20.0,17,45.559906
-420.0,39,45.594992
-420.0,39,45.609639
60.0,15,45.62487
-100.0,23,45.631267
-260.0,31,45.645094
-440.0,40,45.676951
40.0,16,45.689826
-160.0,26,45.708237
40.0,16,45.725184
-280.0,32,45.747272
-440.0,40,45.783249
-200.0,28,45.800774
-120.0,24,45.812523
-280.0,32,45.82594
-380.0,37,45.854181
0.0,18,45.887167
-420.0,39,45.90146
-100.0,23,45.920912
-180.0,27,45.935846
100.0,13,45.976919
-560.0,46,46.002309
-40.0,20,46.034601
-360.0,36,46.062236
-200.0,28,46.062312
20.0,17,46.086751
-220.0,29,46.105579
-300.0,33,46.144263
-240.0,30,46.165455
20.0,17,46.214136
-40.0,20,46.214194
-600.0,48,46.225046
-500.0,43,46.241747
-740.0,55,46.253212
-660.0,51,46.268207
-60.0,21,46.323267
0.0,18,46.345987
-120.0,24,46.367377
-240.0,30,46.39986
-140.0,25,46.416201
-20.0,19,46.452603
-40.0,20,62.901143
-220.0,29,62.916259
-440.0,40,62.936843
-40.0,20,62.944698
-260.0,31,62.953736
20.0,17,62.973942
-1020.0,69,63.000466
-220.0,29,63.048459
-220.0,29,63.058313
-100.0,23,63.071269
-560.0,46,63.089983
120.0,12,63.120715
0.0,18,63.134138
-380.0,37,63.149324
-760.0,56,63.167117
-180.0,27,63.185972
-100.0,23,63.202293
-20.0,19,63.210641
-620.0,49,63.233914
-320.0,34,63.242653
-120.0,24,63.260224
-120.0,24,63.300293
-520.0,44,63.322235
-380.0,37,63.346898
-140.0,25,63.361787
-140.0,25,63.377842
40.0,16,63.404362
-240.0,30,63.430682
-280.0,32,63.490019
-160.0,26,63.490074
20.0,17,63.498742
20.0,17,63.535131
-520.0,44,63.547748
-620.0,49,63.571782
-80.0,22,63.571838
-80.0,22,63.583416
-600.0,48,63.605533
0.0,18,63.643877
-60.0,21,63.656331
-180.0,27,63.683145
-20.0,19,63.699394
-420.0,39,63.716703
-560.0,46,63.732317
-660.0,51,63.763641
-20.0,19,63.79802
-20.0,19,63.812513
-240.0,30,63.827746
-480.0,42,63.841559
-120.0,24,63.877693
40.0,16,63.898035
0.0,18,63.909607
-120.0,24,63.952457
-720.0,54,63.971022
-300.0,33,63.984318
-160.0,26,64.005735
20.0,17,64.027048
-480.0,42,64.042581
40.0,16,64.048691
-620.0,49,64.057623
-440.0,40,64.110436
-20.0,19,64.110492
-80.0,22,64.134945
-780.0,57,64.149306
-140.0,25,64.164664
-200.0,28,64.174814
-100.0,23,64.195576
-120.0,24,64.227031
-420.0,39,64.238895
-180.0,27,64.252602
-300.0,33,64.281195
20.0,17,64.310907
-360.0,36,64.332588
-180.0,27,64.352597
0.0,18,64.366313
-140.0,25,64.377656
-20.0,19,64.40798
-1030.0,68,64.423864
40.0,16,64.4489
0.0,18,64.448948
-240.0,30,64.475516
-240.0,30,64.503486
-120.0,24,64.520761
-20.0,19,64.538275
-240.0,30,64.560862
-280.0,32,64.585249
-180.0,27,64.609256
0.0,18,64.610003
20.0,17,64.623749
40.0,16,64.727387
20.0,17,64.749759
-360.0,36,64.76191
-320.0,34,64.785455
-200.0,28,64.805987
-260.0,31,64.82412
20.0,17,64.824172
60.0,15,64.837626
-200.0,28,64.888167
-100.0,23,64.895519
-20.0,19,64.902309
-40.0,20,64.911208
-40.0,20,64.919483
-80.0,22,64.930978
-260.0,31,64.997748
-220.0,29,65.015149
-300.0,33,65.02746
-380.0,37,65.040335
-620.0,49,65.084147
-100.0,23,65.106018
-760.0,56,65.10645
-140.0,25,65.127558
-1010.0,52,65.174379
-160.0,26,65.188851
-80.0,22,65.199902
-320.0,34,65.216558
-420.0,39,65.24013
-20.0,19,65.266155
-1100.0,73,65.290862
-160.0,26,65.297435
-260.0,31,65.310957
-20.0,19,65.324862
-40.0,20,65.358243
-420.0,39,65.382595
-120.0,24,65.409262
-160.0,26,65.430487
-80.0,22,65.443939
-220.0,29,65.45578
-420.0,39,65.475165
40.0,16,65.487319
100.0,13,65.51326
-540.0,45,65.557977
-220.0,29,65.58689
-180.0,27,65.586968
-400.0,38,65.597913
-460.0,41,65.620156
20.0,17,65.636299
-60.0,21,65.672373
-480.0,42,65.686476
-20.0,19,65.722264
-140.0,25,65.745074
-300.0,33,65.761181
40.0,16,65.782947
-40.0,20,65.798193
40.0,16,65.823768
-60.0,21,65.846789
60.0,15,65.84685
-840.0,60,65.870085
-320.0,34,65.880751
-160.0,26,65.893863
-60.0,21,65.910646
-80.0,22,65.941232
-160.0,26,65.988747
-100.0,23,65.988836
-60.0,21,66.005715
-260.0,31,66.019664
-460.0,41,66.033947
-240.0,30,66.072125
-60.0,21,66.094595
-200.0,28,66.128847
-280.0,32,66.128906
-320.0,34,66.144139
-480.0,42,66.182542
-320.0,34,66.208847
-140.0,25,66.242425
-180.0,27,66.253989
-180.0,27,66.268869
-640.0,50,66.298941
-120.0,24,66.312261
-360.0,36,66.342138
-220.0,29,66.362796
-360.0,36,66.399795
-620.0,49,66.440273
-300.0,33,66.440345
-20.0,19,66.449835
-100.0,23,66.523179
-200.0,28,66.540823
-1060.0,71,66.568657
-920.0,64,66.584303
-700.0,53,66.615598
-540.0,45,66.625757
60.0,15,66.647243
-140.0,25,66.660487
-280.0,32,66.671677
-20.0,19,66.689683
80.0,14,66.720294
20.0,17,66.751225
-200.0,28,66.751283
-60.0,21,66.773667
-340.0,35,66.785276
-20.0,19,66.803256
-500.0,43,66.832925
-60.0,21,66.859017
-160.0,26,66.876331
-180.0,27,66.90209
-1050.0,54,66.934073
-160.0,26,66.950689
-920.0,64,66.970685
-500.0,43,66.986391
-480.0,42,67.001909
-160.0,26,67.039307
80.0,14,67.056376
-20.0,19,67.069539
-180.0,27,67.086343
-140.0,25,67.135451
40.0,16,67.168096
-1020.0,69,67.192374
-300.0,33,67.209124
-380.0,37,67.228823
-220.0,29,67.248261
-600.0,48,67.273052
-20.0,19,67.30425
80.0,14,67.316409
-280.0,32,67.332824
-460.0,41,67.344252
-240.0,30,67.356909
100.0,13,67.384375
-100.0,23,67.399988
60.0,15,67.41681
-140.0,25,67.4481
-60.0,21,67.4923
-340.0,35,67.492347
-140.0,25,67.501709
-300.0,33,67.521716
-80.0,22,67.539376
80.0,14,67.564622
-1030.0,53,67.564676
-180.0,27,67.597793
-160.0,26,67.615419
-160.0,26,67.639123
-80.0,22,67.639179
-380.0,37,67.658091
-100.0,23,67.696697
-380.0,37,67.7062
-20.0,19,67.725225
-120.0,24,67.744635
-40.0,20,67.74469
-300.0,33,67.785747
-60.0,21,67.795903
-120.0,24,67.810645
-60.0,21,67.826298
-160.0,26,67.844756
-20.0,19,67.877285
-160.0,26,67.903938
-540.0,45,67.92157
-260.0,31,67.935385
-280.0,32,67.968467
60.0,15,67.990553
-260.0,31,68.011771
-520.0,44,68.028627
40.0,16,68.067238
-280.0,32,68.084804
60.0,15,68.106064
40.0,16,68.14873
-300.0,33,68.179864
-180.0,27,68.179921
-160.0,26,68.193227
-740.0,55,68.211195
-1020.0,69,68.231673
-40.0,20,68.250845
-140.0,25,68.269316
-60.0,21,68.279679
-200.0,28,68.292006
-340.0,35,68.303393
-80.0,22,68.322971
-80.0,22,68.344109
-20.0,19,68.362441
-180.0,27,68.388111
-100.0,23,68.399051
80.0,14,68.418285
0.0,18,68.418342
-520.0,44,68.450067
40.0,16,68.465818
-600.0,48,68.487492
-40.0,20,68.502401
-100.0,23,68.524
-40.0,20,68.553297
0.0,18,68.575234
-480.0,42,68.586499
-400.0,38,68.626453
-640.0,50,68.636735
-200.0,28,68.647433
-120.0,24,68.657434
-460.0,41,68.669179
-400.0,38,68.703402
60.0,15,68.713088
-80.0,22,68.736831
-140.0,25,68.754422
-120.0,24,68.769783
-100.0,23,68.806897
-120.0,24,68.820351
0.0,18,68.835129
-80.0,22,68.85077
-760.0,56,68.879447
-340.0,35,68.897589
0.0,18,68.920107
0.0,18,68.931667
0.0,18,68.949091
60.0,15,68.988032
-280.0,32,68.997887
20.0,17,69.019615
80.0,14,69.042261
-240.0,30,69.066101
-380.0,37,69.094432
-700.0,53,69.122263
-280.0,32,69.170255
-40.0,20,69.183427
-720.0,54,69.212225
-160.0,26,69.231329
-760.0,56,69.246974
120.0,12,69.268303
-140.0,25,69.289409
-340.0,35,69.32993
-120.0,24,69.346281
-940.0,65,69.366107
0.0,18,69.382579
40.0,16,69.406917
40.0,16,69.420317
-500.0,43,69.442344
-60.0,21,69.477469
-320.0,34,69.49054
-140.0,25,69.505694
-1150.0,59,69.545222
-60.0,21,69.545474
-60.0,21,69.609203
-680.0,52,69.60927
-80.0,22,69.624641
-20.0,19,69.638934
-80.0,22,69.65816
40.0,16,69.697415
-480.0,42,69.710164
-60.0,21,69.721565
-40.0,20,69.746498
-280.0,32,69.809105
-580.0,47,69.809158
-760.0,56,69.823786
-320.0,34,69.833864
-600.0,48,69.854934
-120.0,24,69.876235
-720.0,54,69.878734
-280.0,32,69.904778
80.0,14,69.921869
-220.0,29,69.936793
-340.0,35,69.962695
-180.0,27,69.993016
-160.0,26,70.027818
-140.0,25,70.047701
-360.0,36,70.047777
-220.0,29,70.06383
-40.0,20,70.093699
-80.0,22,70.146035
-380.0,37,70.167488
80.0,14,70.193277
-380.0,37,70.208352
-460.0,41,70.229915
-1020.0,51,70.271147
-700.0,53,70.300623
-240.0,30,70.339648
-360.0,36,70.370525
-340.0,35,70.390426
-200.0,28,70.411227
-720.0,54,70.431347
-200.0,28,70.450355
-60.0,21,70.479723
100.0,13,70.498674
-80.0,22,70.5136
-260.0,31,70.527241
-140.0,25,70.547626
60.0,15,70.566018
60.0,15,70.606751
-200.0,28,70.634462
-220.0,29,70.654194
20.0,17,70.68222
-1110.0,72,70.692673
-520.0,44,70.706361
-20.0,19,70.731771
-120.0,24,70.765126
-140.0,25,70.79491
-280.0,32,70.813787
-940.0,65,70.832184
-180.0,27,70.849597
-1050.0,54,70.870369
0.0,18,70.889875
-300.0,33,70.911193
-60.0,21,70.927878
-280.0,32,70.950151
0.0,18,70.967482
-220.0,29,70.999398
-20.0,19,71.02643
20.0,17,71.042233
0.0,18,71.071005
-340.0,35,71.071053
-160.0,26,71.079971
-420.0,39,71.109718
-180.0,27,71.149057
-40.0,20,71.160913
-120.0,24,71.176056
-40.0,20,71.193529
80.0,14,71.203883
-80.0,22,71.220221
-60.0,21,71.229104
-560.0,46,71.236952
-840.0,60,71.260836
-20.0,19,71.261516
0.0,18,71.287537
120.0,12,71.318135
0.0,18,71.339054
0.0,18,71.361624
-60.0,21,71.386947
-80.0,22,71.397509
-180.0,27,71.436733
-100.0,23,71.4686
-280.0,32,71.482362
-520.0,44,71.493634
-40.0,20,71.520936
-400.0,38,71.54621
80.0,14,71.561741
-40.0,20,71.584429
-80.0,22,71.604139
-880.0,62,71.622933
20.0,17,71.641675
-20.0,19,87.80071
-340.0,35,87.81257
-40.0,20,87.832696
-440.0,40,87.847916
-440.0,40,87.864195
-40.0,20,87.909185
-600.0,48,87.932666
-300.0,33,87.932757
0.0,18,87.955169
-100.0,23,87.972808
-480.0,42,88.010339
-40.0,20,88.042833
-120.0,24,88.067887
-220.0,29,88.083822
-80.0,22,88.102045
-60.0,21,88.122312
-400.0,38,88.135053
-80.0,22,88.16769
-760.0,56,88.201983
-40.0,20,88.20204
-480.0,42,88.220363
-240.0,30,88.230402
20.0,17,88.250481
-640.0,50,88.270272
-400.0,38,88.301263
0.0,18,88.334969
-220.0,29,88.335037
-500.0,43,88.358914
20.0,17,88.369576
-140.0,25,88.378747
100.0,13,88.400527
-100.0,23,88.414989
-1050.0,54,88.44411
-280.0,32,88.481956
-100.0,23,88.492334
-620.0,49,88.502022
-260.0,31,88.513047
-300.0,33,88.5365
-580.0,47,88.536551
20.0,17,88.562653
-260.0,31,88.582522
-220.0,29,88.591771
20.0,17,88.6033
0.0,18,88.612502
60.0,15,88.671769
-100.0,23,88.697951
-500.0,43,88.698049
-40.0,20,88.727007
-180.0,27,88.753777
-100.0,23,88.754055
120.0,12,88.784129
-100.0,23,88.800778
-80.0,22,88.811987
-160.0,26,88.833714
-20.0,19,88.861094
20.0,17,88.8753
-420.0,39,88.912948
80.0,14,88.928668
-60.0,21,88.958673
100.0,13,88.970095
-460.0,41,88.986656
-360.0,36,88.986718
-740.0,55,89.000016
-60.0,21,89.024327
0.0,18,89.068187
-160.0,26,89.085869
-200.0,28,89.099551
-200.0,28,89.111071
-240.0,30,89.12581
-160.0,26,89.145565
-80.0,22,89.187122
-40.0,20,89.206032
-20.0,19,89.221118
20.0,17,89.263192
-260.0,31,89.263298
20.0,17,89.288951
40.0,16,89.297059
-340.0,35,89.320879
100.0,13,89.347574
-100.0,23,89.367277
-100.0,23,89.390452
-400.0,38,89.417314
-240.0,30,89.438915
-1330.0,83,89.468455
-300.0,33,89.484664
-220.0,29,89.49689
20.0,17,89.520391
-240.0,30,89.534927
100.0,13,89.550718
-340.0,35,89.588346
40.0,16,89.599247
-160.0,26,89.612449
-160.0,26,89.629611
-40.0,20,89.629669
-100.0,23,89.676193
-80.0,22,89.69635
-220.0,29,89.720352
-560.0,46,89.731413
-400.0,38,89.759868
-180.0,27,89.804454
-40.0,20,89.804542
0.0,18,89.834336
-280.0,32,89.84826
80.0,14,89.862922
-1350.0,69,89.883988
-640.0,50,89.900373
-40.0,20,89.911285
80.0,14,89.961711
20.0,17,89.961767
-120.0,24,89.978884
-280.0,32,89.996918
-60.0,21,90.028327
-380.0,37,90.038401
-780.0,57,90.07892
-360.0,36,90.107403
40.0,16,90.126617
-200.0,28,90.126674
-40.0,20,90.147478
-600.0,48,90.175372
-320.0,34,90.209667
-240.0,30,90.224136
-360.0,36,90.240712
-260.0,31,90.249448
-140.0,25,90.269287
-60.0,21,90.304718
-160.0,26,90.319474
-740.0,55,90.338763
-140.0,25,90.364717
-120.0,24,90.383349
100.0,13,90.400292
-320.0,34,90.417241
-120.0,24,90.451736
-240.0,30,90.48563
-180.0,27,90.513887
-200.0,28,90.533107
-180.0,27,90.54506
-520.0,44,90.571865
-140.0,25,90.59483
-420.0,39,90.619353
0.0,18,90.629496
-20.0,19,90.655051
80.0,14,90.675476
-360.0,36,90.700421
-60.0,21,90.720744
80.0,14,90.736897
-360.0,36,90.76995
80.0,14,90.802403
0.0,18,90.81505
-980.0,67,90.837605
40.0,16,90.850462
-340.0,35,90.875959
-440.0,40,90.919168
80.0,14,90.919243
-120.0,24,90.953547
-340.0,35,90.964865
-20.0,19,90.983437
-420.0,39,90.994025
-380.0,37,91.025937
40.0,16,91.048205
-100.0,23,91.055807
-120.0,24,91.081802
-520.0,44,91.093428
0.0,18,91.112809
80.0,14,91.131276
0.0,18,91.16925
100.0,13,91.182599
0.0,18,91.19361
-200.0,28,91.214467
-480.0,42,91.236907
-1000.0,68,91.247438
-240.0,30,91.283964
-220.0,29,91.293242
-180.0,27,91.316567
-340.0,35,91.327663
-40.0,20,91.362329
-340.0,35,91.375281
-440.0,40,91.395372
-260.0,31,91.411651
-180.0,27,91.4279
0.0,18,91.447636
0.0,18,91.476075
-400.0,38,91.476135
-200.0,28,91.486058
-180.0,27,91.526854
20.0,17,91.551905
-60.0,21,91.571867
-260.0,31,91.588814
-460.0,41,91.600525
-100.0,23,91.634039
-220.0,29,91.66649
-120.0,24,91.684875
-640.0,50,91.702393
-120.0,24,91.702458
-280.0,32,91.719217
-80.0,22,91.772542
-140.0,25,91.772599
-120.0,24,91.786428
-400.0,38,91.803682
100.0,13,91.829144
-380.0,37,91.839775
-520.0,44,91.870482
-160.0,26,91.883992
-120.0,24,91.897627
-20.0,19,91.922132
-100.0,23,91.936947
-140.0,25,91.971997
-640.0,50,91.989012
-160.0,26,92.018779
-320.0,34,92.039551
80.0,14,92.07253
-200.0,28,92.072634
-540.0,45,92.10261
100.0,13,92.113107
-140.0,25,92.137289
0.0,18,92.157986
-20.0,19,92.170263
60.0,15,92.190465
-160.0,26,92.206095
-160.0,26,92.237029
-100.0,23,92.248822
80.0,14,92.262713
-20.0,19,92.287947
-100.0,23,92.288
60.0,15,92.330267
-480.0,42,92.348429
-220.0,29,92.368028
-120.0,24,92.387844
-280.0,32,92.402768
-300.0,33,92.420524
80.0,14,92.436087
60.0,15,92.453684
20.0,17,92.487173
-140.0,25,92.499867
-100.0,23,92.509911
-20.0,19,92.52514
20.0,17,92.564443
-20.0,19,92.584419
-300.0,33,92.611586
-40.0,20,92.61168
20.0,17,92.611715
-800.0,58,92.630823
40.0,16,92.655726
-120.0,24,92.69331
-160.0,26,92.710531
-340.0,35,92.740984
-100.0,23,92.762364
-420.0,39,92.775244
-160.0,26,92.78945
-800.0,58,92.809687
-780.0,57,92.821727
-60.0,21,92.837588
120.0,12,92.873597
-100.0,23,92.894373
80.0,14,92.89448
-180.0,27,92.925477
-220.0,29,92.944156
-180.0,27,92.962249
0.0,18,92.974371
-40.0,20,92.989558
-280.0,32,93.020175
20.0,17,93.031994
-160.0,26,93.049822
-120.0,24,93.068206
-540.0,45,93.088761
-60.0,21,93.097949
-340.0,35,93.105718
40.0,16,93.120487
-200.0,28,93.132807
80.0,14,93.174865
60.0,15,93.184668
-480.0,42,93.198626
-240.0,30,93.209156
-340.0,35,93.233123
-60.0,21,93.26296
-440.0,40,93.263067
-120.0,24,93.278093
-60.0,21,93.309075
-180.0,27,93.329583
-40.0,20,93.346245
-160.0,26,93.391539
-20.0,19,93.39163
-280.0,32,93.417562
-380.0,37,93.438703
100.0,13,93.463104
-360.0,36,93.480894
-120.0,24,93.499568
-40.0,20,93.525853
-580.0,47,93.543499
-480.0,42,93.56946
-80.0,22,93.584824
60.0,15,93.614819
-160.0,26,93.626657
-420.0,39,93.640934
-520.0,44,93.653665
-440.0,40,93.692859
20.0,17,93.692912
-360.0,36,93.715013
-160.0,26,93.728386
-120.0,24,93.758633
-180.0,27,93.770166
-300.0,33,93.803341
-740.0,55,93.83004
-300.0,33,93.846588
-80.0,22,93.868125
-60.0,21,93.884058
-1150.0,74,93.91586
-20.0,19,93.933591
20.0,17,93.949296
-60.0,21,93.98403
-140.0,25,94.010893
-240.0,30,94.02648
-60.0,21,94.064818
0.0,18,94.064927
40.0,16,94.100695
40.0,16,94.110261
-40.0,20,94.129721
-360.0,36,94.151078
-520.0,44,94.15947
0.0,18,94.174866
-180.0,27,94.211854
-680.0,52,94.230964
-200.0,28,94.253427
-220.0,29,94.265138
-540.0,45,94.292443
-120.0,24,94.303708
-380.0,37,94.316623
-100.0,23,94.372585
-400.0,38,94.394569
-600.0,48,94.410774
120.0,12,94.426546
-320.0,34,94.436589
-720.0,54,94.469804
-500.0,43,94.480841
-140.0,25,94.50242
-80.0,22,94.519768
20.0,17,94.519829
-180.0,27,94.549311
-160.0,26,94.576879
-60.0,21,94.607716
-400.0,38,94.618623
-280.0,32,94.63362
-440.0,40,94.6632
-480.0,42,94.678578
-40.0,20,94.716194
-100.0,23,94.73037
-420.0,39,94.745864
-420.0,39,94.782351
20.0,17,94.78241
-360.0,36,94.805081
-180.0,27,94.823086
-480.0,42,94.835571
-60.0,21,94.854244
-120.0,24,94.880585
-300.0,33,94.90093
-80.0,22,94.943449
-620.0,49,94.943548
-100.0,23,94.981599
-40.0,20,95.021851
20.0,17,95.032665
0.0,18,95.046582
-220.0,29,95.06824
-40.0,20,95.111401
-140.0,25,95.120485
-360.0,36,95.148745
80.0,14,95.172133
-1310.0,82,95.185791
-660.0,51,95.201735
-500.0,43,95.218008
20.0,17,95.253812
60.0,15,95.264807
0.0,18,95.295602
20.0,17,95.295661
-40.0,20,95.324179
-160.0,26,95.382082
-760.0,56,95.403666
-140.0,25,95.418241
-340.0,35,95.444405
-320.0,34,95.460625
-300.0,33,95.474005
-20.0,19,95.494301
-40.0,20,95.505794
-40.0,20,95.54835
-120.0,24,95.548403
-340.0,35,95.56956
-600.0,48,95.583004
-520.0,44,95.595032
-280.0,32,95.608564
0.0,18,95.626374
20.0,17,95.654932
60.0,15,95.669591
-20.0,19,95.703653
-400.0,38,95.711587
-320.0,34,95.732722
-300.0,33,95.745969
-60.0,21,95.746022
-400.0,38,95.787382
-200.0,28,95.799282
-240.0,30,95.815244
-300.0,33,95.857051
-360.0,36,95.871108
-400.0,38,95.879507
-140.0,25,95.893256
-80.0,22,95.905352
20.0,17,95.948231
-380.0,37,95.948309
-60.0,21,95.970752
-120.0,24,95.970815
-100.0,23,95.994074
-180.0,27,96.016028
-40.0,20,96.042035
-100.0,23,96.074217
40.0,16,96.094727
-340.0,35,96.110409
-300.0,33,96.12016
60.0,15,96.138504
-140.0,25,96.161061
-400.0,38,96.183857
-60.0,21,96.217257
20.0,17,96.217519
-40.0,20,96.256571
40.0,16,96.280344
-120.0,24,96.291996
-320.0,34,96.304136
60.0,15,96.336486
-220.0,29,96.355951
100.0,13,96.38852
-500.0,43,96.396776
-100.0,23,96.407229
-380.0,37,96.441652
-260.0,31,96.459573
-200.0,28,96.483206
-160.0,26,96.483251
-220.0,29,96.495822
-680.0,52,96.514374
-120.0,24,96.543523
20.0,17,96.556155
-100.0,23,96.570618
-20.0,19,96.589349
-320.0,34,113.269447
40.0,16,113.2839
-160.0,26,113.299821
-280.0,32,113.337944
100.0,13,113.348308
0.0,18,113.36097
-720.0,54,113.385735
20.0,17,113.409554
-800.0,58,113.447788
-100.0,23,113.47528
-220.0,29,113.475402
-360.0,36,113.502861
-620.0,49,113.527711
40.0,16,113.541988
-80.0,22,113.566828
-120.0,24,113.589828
-340.0,35,113.618281
-740.0,55,113.618334
-260.0,31,113.631644
-560.0,46,113.648447
-260.0,31,113.669242
-440.0,40,113.735016
-20.0,19,113.735132
-260.0,31,113.764895
-580.0,47,113.793837
-580.0,47,113.805434
-20.0,19,113.817588
40.0,16,113.840962
-60.0,21,113.84103
-880.0,62,113.876268
-40.0,20,113.89793
-80.0,22,113.931998
-280.0,32,113.940126
-420.0,39,113.949791
-500.0,43,113.976461
-160.0,26,113.987001
60.0,15,114.006577
-740.0,55,114.028746
-100.0,23,114.040189
-20.0,19,114.059543
-420.0,39,114.085195
-280.0,32,114.100092
-140.0,25,114.134995
-320.0,34,114.153612
-40.0,20,114.194961
0.0,18,114.207053
-380.0,37,114.219703
-320.0,34,114.232523
-100.0,23,114.265836
-280.0,32,114.287537
-120.0,24,114.296276
-80.0,22,114.307443
-160.0,26,114.318311
-80.0,22,114.369488
-500.0,43,114.369552
-340.0,35,114.397199
-620.0,49,114.421509
-360.0,36,114.428888
-420.0,39,114.442439
-200.0,28,114.486538
-200.0,28,114.486625
20.0,17,114.512781
-80.0,22,114.534523
-260.0,31,114.546639
-20.0,19,114.565656
-200.0,28,114.59649
40.0,16,183.905306
-100.0,23,183.933938
-180.0,27,183.957562
-260.0,31,183.98355
20.0,17,183.996605
-440.0,40,184.023434
60.0,15,184.059729
-180.0,27,184.082177
-140.0,25,184.105926
-680.0,52,184.1066
-140.0,25,184.128509
0.0,18,184.154264
-60.0,21,184.176975
-80.0,22,184.192915
-480.0,42,184.213259
-340.0,35,184.234663
60.0,15,184.263129
-600.0,48,184.272172
-60.0,21,184.281969
-420.0,39,184.310852
-600.0,48,184.321079
20.0,17,184.33383
100.0,13,184.373052
-400.0,38,184.373151
-260.0,31,184.399561
-40.0,20,184.420156
-400.0,38,184.430406
-240.0,30,184.48394
-40.0,20,184.483995
-440.0,40,184.495819
-380.0,37,184.531717
-200.0,28,184.531808
60.0,15,184.583578
-120.0,24,184.594933
-220.0,29,184.615469
-320.0,34,184.629228
-200.0,28,184.642102
-880.0,62,184.651983
-260.0,31,184.70641
-80.0,22,184.724878
-180.0,27,184.756224
-300.0,33,184.756276
-340.0,35,184.777597
-80.0,22,184.806941
-40.0,20,184.807003
-880.0,62,184.828039
20.0,17,184.839207
-160.0,26,184.854424
-260.0,31,184.887746
20.0,17,184.887801
120.0,12,184.910371
-40.0,20,184.94553
-220.0,29,184.973866
80.0,14,184.993881
100.0,13,185.013499
-80.0,22,185.034661
-320.0,34,185.058328
0.0,18,185.069708
-100.0,23,185.090526
0.0,18,185.106749
-120.0,24,185.125876
100.0,13,185.162595
20.0,17,185.179679
-20.0,19,185.210266
-320.0,34,185.224468
-260.0,31,185.248546
60.0,15,185.288623
-180.0,27,185.303184
-400.0,38,185.327203
-160.0,26,185.350309
-60.0,21,185.361825
100.0,13,185.379655
-580.0,47,185.413781
0.0,18,185.441518
-140.0,25,185.467348
-100.0,23,185.490526
-80.0,22,185.50863
-360.0,36,185.528884
-100.0,23,185.570421
-320.0,34,185.587086
-120.0,24,185.598952
40.0,16,185.62783
-280.0,32,185.641713
-20.0,19,185.673424
-100.0,23,185.697419
-780.0,57,185.720445
-780.0,57,185.751272
40.0,16,185.763961
-100.0,23,185.777295
-180.0,27,185.799469
40.0,16,185.81834
-100.0,23,185.84332
-60.0,21,185.876039
-100.0,23,185.890521
-240.0,30,185.918434
-220.0,29,185.940873
80.0,14,185.956546
-160.0,26,185.97405
-20.0,19,185.993034
-380.0,37,186.010047
-40.0,20,186.043759
40.0,16,186.064523
60.0,15,186.084257
-240.0,30,186.106494
-540.0,45,186.151561
-20.0,19,186.168644
-40.0,20,186.190395
-500.0,43,186.225332
-120.0,24,186.225455
-140.0,25,186.282924
40.0,16,186.282973
0.0,18,186.29475
-440.0,40,186.312313
-280.0,32,186.346995
40.0,16,186.370939
-460.0,41,186.388551
-140.0,25,186.458899
-180.0,27,186.458998
-120.0,24,186.472835
-420.0,39,186.486756
-600.0,48,186.50598
-760.0,56,186.545849
-60.0,21,186.564422
-80.0,22,186.578947
-120.0,24,186.597043
-280.0,32,186.608637
-320.0,34,186.627264
0.0,18,186.659586
-280.0,32,186.68849
0.0,18,186.707036
-220.0,29,186.707096
-100.0,23,186.72443
60.0,15,186.745083
-240.0,30,186.773308
-140.0,25,186.823399
-400.0,38,186.839899
-120.0,24,186.849902
-540.0,45,186.870502
-120.0,24,186.912385
-840.0,60,186.939321
-80.0,22,186.939396
-880.0,62,186.962682
-240.0,30,186.986713
-20.0,19,187.00686
-460.0,41,187.019868
-80.0,22,187.030134
-160.0,26,187.040119
80.0,14,187.062591
-20.0,19,187.107965
-120.0,24,187.121857
-460.0,41,187.142718
-280.0,32,187.171623
-240.0,30,187.18197
0.0,18,187.203703
-320.0,34,187.227416
-60.0,21,187.242774
60.0,15,187.28323
-180.0,27,187.283278
-100.0,23,187.293044
0.0,18,187.316494
-20.0,19,187.344792
-260.0,31,187.360937
0.0,18,187.394705
0.0,18,187.406689
20.0,17,187.445807
0.0,18,187.445874
-120.0,24,187.46448
0.0,18,187.491786
-40.0,20,187.504505
-460.0,41,187.521312
-140.0,25,187.556235
20.0,17,187.575963
-180.0,27,187.576031
-80.0,22,187.599282
-300.0,33,187.617444
-100.0,23,187.630011
60.0,15,187.654035
-20.0,19,187.669928
-60.0,21,187.70201
-20.0,19,187.713492
-40.0,20,187.746165
-480.0,42,187.7672
-200.0,28,187.7788
-340.0,35,187.794355
-80.0,22,187.814953
0.0,18,187.840214
-260.0,31,187.85921
20.0,17,187.883474
-240.0,30,187.909813
-20.0,19,187.923821
120.0,12,187.960306
-160.0,26,187.981543
-440.0,40,187.981609
60.0,15,188.001013
-680.0,52,188.025205
-280.0,32,188.043702
60.0,15,188.058746
-100.0,23,188.085131
20.0,17,188.108939
-280.0,32,188.130634
-60.0,21,188.14222
-340.0,35,188.188286
-20.0,19,188.197465
-300.0,33,188.236823
-1090.0,56,188.236887
-440.0,40,188.251368
60.0,15,188.268826
-80.0,22,188.32017
-200.0,28,188.343463
-460.0,41,188.362321
-880.0,62,188.38608
-420.0,39,188.405744
-160.0,26,188.422525
-540.0,45,188.43585
-40.0,20,188.458164
80.0,14,188.481441
-600.0,48,188.531946
-180.0,27,188.563179
-1010.0,67,188.590209
-80.0,22,188.618037
-910.0,62,188.629584
-600.0,48,188.642112
-40.0,20,188.66374
0.0,18,188.697266
-60.0,21,188.712911
-60.0,21,188.72337
0.0,18,188.736703
-1220.0,79,188.762125
-320.0,34,188.762193
0.0,18,188.813069
-80.0,22,188.813148
-20.0,19,188.839059
-100.0,23,188.863847
-260.0,31,188.880056
-200.0,28,188.890654
40.0,16,188.909859
40.0,16,188.909932
0.0,18,188.933911
0.0,18,188.966923
-260.0,31,188.998295
-160.0,26,189.013149
-20.0,19,189.058553
-200.0,28,189.068594
-500.0,43,189.091228
-1010.0,52,189.106845
-380.0,37,189.137763
-940.0,65,189.150432
-120.0,24,189.191186
-220.0,29,189.215925
-400.0,38,189.230523
-180.0,27,189.258403
20.0,17,189.282393
-480.0,42,189.320014
-260.0,31,189.320122
-840.0,60,189.33917
-260.0,31,189.371651
-140.0,25,189.380239
20.0,17,189.402195
-200.0,28,189.425908
-240.0,30,189.438522
-420.0,39,189.44917
20.0,17,189.462385
-340.0,35,189.482619
-500.0,43,189.508513
-300.0,33,189.550788
-140.0,25,189.551282
40.0,16,189.551322
-140.0,25,189.601089
-20.0,19,189.619015
-40.0,20,189.633687
-100.0,23,189.648727
-860.0,61,189.682025
-920.0,64,189.695406
-40.0,20,189.731972
-280.0,32,189.756549
-140.0,25,189.777739
-600.0,48,189.799694
-1010.0,52,189.815376
-40.0,20,189.8282
-300.0,33,189.844113
-600.0,48,189.865045
20.0,17,189.899044
-320.0,34,189.912503
100.0,13,189.922144
-300.0,33,189.950232
-140.0,25,189.96102
-320.0,34,189.982459
-60.0,21,190.013469
100.0,13,190.037815
-140.0,25,190.063367
-360.0,36,190.087451
-220.0,29,190.100879
-440.0,40,190.124025
-40.0,20,190.142191
-240.0,30,190.154822
-20.0,19,190.170884
-100.0,23,190.188572
80.0,14,190.19863
-200.0,28,190.219198
-340.0,35,190.235294
-100.0,23,190.26103
-340.0,35,190.291072
120.0,12,190.311908
-100.0,23,190.344404
-280.0,32,190.373708
-320.0,34,190.37382
40.0,16,190.39509
40.0,16,190.412399
-160.0,26,190.434833
40.0,16,190.464122
-160.0,26,190.485023
-160.0,26,190.510111
0.0,18,190.510165
-220.0,29,190.535876
20.0,17,190.550606
-220.0,29,190.568071
0.0,18,190.606083
-120.0,24,190.626622
-160.0,26,190.651784
-400.0,38,190.672592
-200.0,28,190.672646
-320.0,34,190.689928
-360.0,36,190.722492
-200.0,28,190.745106
-640.0,50,190.771782
-500.0,43,190.783699
-240.0,30,190.811483
-120.0,24,190.829446
-780.0,57,190.851861
60.0,15,190.890625
-220.0,29,190.914632
-260.0,31,190.914723
-160.0,26,190.945561
-1100.0,73,190.965051
-140.0,25,190.992716
60.0,15,190.99277
-160.0,26,191.02544
-200.0,28,191.048625
-400.0,38,191.073207
-180.0,27,191.095789
80.0,14,191.095848
-380.0,37,191.113618
-400.0,38,191.136684
-20.0,19,191.170917
-100.0,23,191.192789
0.0,18,191.222036
-220.0,29,191.2438
-680.0,52,191.288152
40.0,16,191.314374
-260.0,31,191.331235
-200.0,28,191.346423
-820.0,59,191.373707
-260.0,31,191.388403
60.0,15,191.409566
0.0,18,191.424571
-240.0,30,191.456554
0.0,18,191.486622
-180.0,27,191.486688
-120.0,24,191.511901
-140.0,25,191.5613
-60.0,21,191.588985
-20.0,19,191.597544
-140.0,25,191.61023
-440.0,40,191.627044
-240.0,30,191.627095
40.0,16,191.656079
-200.0,28,191.681148
-60.0,21,191.706171
-240.0,30,191.726301
80.0,14,191.736974
-180.0,27,191.751256
20.0,17,191.774247
-440.0,40,191.802146
-60.0,21,191.821183
20.0,17,191.834271
-60.0,21,191.862977
-320.0,34,191.880889
-100.0,23,191.907783
-20.0,19,191.907852
-440.0,40,191.928215
-220.0,29,191.952261
-200.0,28,191.995203
-20.0,19,192.013133
-180.0,27,192.027278
-440.0,40,192.055981
-460.0,41,192.07429
-220.0,29,192.098561
-420.0,39,192.109194
-60.0,21,192.137619
20.0,17,192.137671
-400.0,38,192.154249
60.0,15,192.17914
-520.0,44,192.207456
-160.0,26,192.235621
-100.0,23,192.272438
-40.0,20,192.280018
40.0,16,192.287145
-280.0,32,192.304881
-380.0,37,192.331142
-160.0,26,192.353716
-40.0,20,192.372773
-120.0,24,192.38161
-180.0,27,192.408213
-100.0,23,192.408264
-20.0,19,192.442674
-260.0,31,192.457202
-40.0,20,192.466065
-460.0,41,192.479402
-260.0,31,192.517641
-40.0,20,192.533207
-480.0,42,192.545607
0.0,18,192.558399
40.0,16,192.602746
-60.0,21,192.602798
40.0,16,192.618424
-340.0,35,192.641409
-480.0,42,192.660157
-220.0,29,192.67302
20.0,17,192.696304
-300.0,33,192.736537
0.0,18,192.747974
-180.0,27,192.759988
-460.0,41,192.792834
-440.0,40,192.806885
-360.0,36,192.820217
-20.0,19,192.845052
-260.0,31,192.882065
-220.0,29,192.882158
-160.0,26,192.920915
120.0,12,192.937121
-220.0,29,192.9653
-520.0,44,192.986791
-560.0,46,193.022164
120.0,12,193.041316
-100.0,23,193.063953
-240.0,30,193.091493
